TIME,3267,3268,3269,3353,3354,3438,3439,3445,3530,3533,3611,3613,3614,3615,3616,3688,3689,3690,3691,3760,3761,3762,3763,3835,3837,3838,3839,3843,3844,3906,3908,4178,4372,4373,4374,4375
1969-09-01,19.28,22.32,19.01,12.39,16.54,8.14,9.85,23.5,6.04,14.52,0.68,1.86,5.15,1.58,5.34,-7.95,-4.0,-8.09,-6.35,-13.27,-18.48,-20.01,-12.85,-30.26,-25.92,-16.14,-12.26,16.42,27.87,-39.75,-31.42,-94.48,-82.92,-85.7,-90.48,-90.56
1969-10-01,19.27,22.3,18.96,12.35,16.49,8.17,9.85,23.62,6.11,14.55,0.58,1.8,5.08,1.49,5.27,-8.1,-4.21,-8.29,-6.49,-13.23,-18.48,-20.11,-13.08,-30.28,-25.92,-16.14,-12.26,16.31,27.86,-38.7,-30.87,-94.06,-82.27,-85.27,-90.11,-90.2
1969-11-01,19.18,22.22,18.9,12.33,16.49,8.2,9.88,23.81,6.17,14.62,0.54,1.81,5.08,1.49,5.28,-8.11,-4.3,-8.34,-6.49,-13.16,-18.35,-20.08,-13.13,-30.25,-25.91,-16.18,-12.28,16.16,27.84,-38.21,-30.76,-93.65,-81.57,-84.76,-89.64,-89.76
1969-12-01,19.1,22.15,18.86,12.35,16.49,8.26,9.94,24.02,6.22,14.73,0.51,1.85,5.11,1.54,5.32,-8.11,-4.35,-8.34,-6.46,-13.08,-18.24,-20.01,-13.13,-30.19,-25.9,-16.24,-12.32,16.02,27.82,-37.46,-30.28,-93.25,-80.82,-84.22,-89.14,-89.33
1970-01-01,19.04,22.1,18.85,12.41,16.56,8.37,10.05,24.25,6.34,14.86,0.75,1.97,5.2,1.67,5.44,-7.77,-4.04,-8.03,-6.21,-12.93,-18.05,-19.79,-12.78,-30.07,-25.85,-16.28,-12.34,15.96,27.88,-36.41,-29.77,-92.41,-79.99,-83.61,-88.61,-88.86
1970-02-01,18.98,22.06,18.85,12.47,16.61,8.49,10.16,24.49,6.48,15.0,0.94,2.1,5.31,1.82,5.56,-7.51,-3.81,-7.78,-5.99,-12.74,-17.85,-19.58,-12.5,-29.94,-25.81,-16.34,-12.34,15.86,27.89,-35.55,-29.2,-91.66,-79.15,-82.99,-88.07,-88.37
1970-03-01,18.93,22.01,18.8,12.44,16.55,8.5,10.12,24.67,6.56,15.1,1.0,2.17,5.34,1.81,5.55,-7.53,-3.76,-7.77,-6.0,-12.8,-17.93,-19.59,-12.49,-29.93,-25.85,-16.44,-12.41,15.75,27.85,-35.37,-29.04,-91.85,-78.53,-82.43,-87.53,-87.89
1970-04-01,18.97,22.06,18.82,12.43,16.5,8.52,10.08,24.75,6.55,15.15,0.95,2.15,5.33,1.75,5.48,-7.7,-3.87,-7.92,-6.15,-12.89,-18.06,-19.71,-12.67,-29.95,-25.92,-16.52,-12.48,15.7,27.72,-35.57,-29.01,-92.51,-78.41,-82.38,-87.56,-87.91
1970-05-01,19.14,22.23,18.94,12.5,16.51,8.57,10.08,24.46,6.5,14.99,0.85,2.05,5.26,1.65,5.38,-7.92,-4.04,-8.15,-6.36,-12.99,-18.22,-19.88,-12.93,-30.0,-25.98,-16.57,-12.54,15.72,27.55,-37.08,-29.74,-93.69,-78.94,-82.82,-88.03,-88.3
1970-06-01,19.4,22.48,19.12,12.59,16.53,8.63,10.08,24.22,6.43,14.84,0.7,1.91,5.16,1.49,5.25,-8.21,-4.28,-8.45,-6.63,-13.13,-18.43,-20.13,-13.27,-30.09,-26.05,-16.61,-12.6,15.76,27.39,-38.32,-30.28,-95.08,-79.66,-83.45,-88.66,-88.83
1970-07-01,19.77,22.83,19.39,12.76,16.64,8.76,10.15,23.84,6.33,14.62,0.54,1.73,5.03,1.35,5.13,-8.46,-4.5,-8.72,-6.86,-13.2,-18.58,-20.34,-13.58,-30.17,-26.09,-16.58,-12.62,15.85,27.16,-39.96,-30.99,-96.91,-80.89,-84.53,-89.73,-89.73
1970-08-01,20.12,23.17,19.64,12.93,16.74,8.89,10.23,23.51,6.24,14.42,0.37,1.55,4.9,1.21,5.03,-8.69,-4.74,-8.98,-7.08,-13.27,-18.72,-20.54,-13.87,-30.26,-26.12,-16.54,-12.61,15.91,26.95,-41.01,-31.51,-98.41,-81.95,-85.48,-90.67,-90.54
1970-09-01,20.31,23.34,19.75,12.98,16.75,8.94,10.24,23.34,6.16,14.28,0.19,1.38,4.75,1.03,4.88,-8.95,-5.0,-9.26,-7.31,-13.39,-18.88,-20.76,-14.18,-30.38,-26.17,-16.53,-12.65,15.84,26.79,-41.09,-31.57,-99.1,-82.42,-85.89,-91.09,-90.92
1970-10-01,20.24,23.27,19.67,12.92,16.69,8.92,10.2,23.47,6.15,14.3,0.06,1.31,4.66,0.91,4.79,-9.1,-5.19,-9.42,-7.44,-13.4,-18.92,-20.87,-14.35,-30.45,-26.23,-16.59,-12.72,15.62,26.67,-40.26,-31.1,-98.26,-81.94,-85.5,-90.72,-90.63
1970-11-01,20.12,23.15,19.59,12.89,16.68,8.92,10.21,23.66,6.13,14.38,-0.02,1.31,4.64,0.91,4.78,-9.12,-5.26,-9.42,-7.43,-13.42,-18.85,-20.86,-14.36,-30.47,-26.39,-16.78,-12.82,15.33,26.47,-39.72,-31.16,-97.38,-81.55,-85.3,-90.57,-90.52
1970-12-01,20.01,23.05,19.55,12.91,16.71,8.97,10.27,23.89,6.18,14.48,0.09,1.37,4.67,0.97,4.83,-8.91,-5.09,-9.24,-7.28,-13.34,-18.74,-20.73,-14.14,-30.45,-26.4,-16.87,-12.88,15.13,26.41,-38.71,-30.75,-96.32,-80.83,-84.76,-90.08,-90.12
1971-01-01,19.92,22.98,19.53,12.97,16.78,9.07,10.38,24.13,6.27,14.61,0.22,1.48,4.76,1.1,4.93,-8.67,-4.89,-8.97,-7.06,-13.19,-18.55,-20.53,-13.84,-30.36,-26.39,-16.96,-12.92,14.97,26.38,-37.85,-30.2,-95.18,-80.08,-84.18,-89.56,-89.68
1971-02-01,19.79,22.84,19.46,12.99,16.79,9.12,10.42,24.3,6.2,14.71,0.21,1.57,4.84,1.21,4.99,-8.6,-4.81,-8.8,-6.9,-13.14,-18.45,-20.38,-13.66,-30.29,-26.4,-17.08,-12.96,14.8,26.32,-37.58,-29.88,-94.36,-79.41,-83.61,-89.03,-89.25
1971-03-01,19.65,22.72,19.39,12.95,16.72,9.1,10.37,24.4,6.17,14.76,0.13,1.59,4.84,1.16,4.91,-8.75,-4.9,-8.89,-7.01,-13.32,-18.6,-20.46,-13.76,-30.36,-26.54,-17.26,-13.1,14.64,26.23,-37.41,-29.76,-94.98,-79.07,-83.33,-88.74,-89.09
1971-04-01,19.6,22.67,19.34,12.89,16.64,9.05,10.28,24.41,6.12,14.72,0.03,1.54,4.78,1.05,4.79,-8.96,-5.05,-9.09,-7.21,-13.43,-18.77,-20.64,-13.99,-30.41,-26.65,-17.41,-13.24,14.46,26.0,-37.46,-29.59,-94.89,-78.68,-82.89,-88.39,-88.74
1971-05-01,19.67,22.74,19.38,12.89,16.61,9.04,10.22,24.3,6.06,14.64,-0.1,1.44,4.69,0.91,4.65,-9.2,-5.23,-9.33,-7.45,-13.55,-18.95,-20.85,-14.26,-30.49,-26.75,-17.51,-13.37,14.39,25.83,-38.77,-30.25,-96.04,-79.11,-83.27,-88.77,-89.13
1971-06-01,19.84,22.89,19.5,12.93,16.6,9.04,10.18,24.07,5.95,14.49,-0.26,1.28,4.56,0.73,4.48,-9.49,-5.47,-9.64,-7.74,-13.73,-19.2,-21.12,-14.6,-30.63,-26.88,-17.61,-13.49,14.36,25.63,-39.89,-30.74,-97.35,-79.76,-83.8,-89.3,-89.61
1971-07-01,20.12,23.16,19.71,13.05,16.68,9.1,10.2,23.69,5.81,14.25,-0.43,1.09,4.42,0.57,4.34,-9.73,-5.68,-9.9,-7.98,-13.85,-19.39,-21.35,-14.9,-30.75,-26.98,-17.65,-13.56,14.39,25.36,-41.49,-31.5,-99.24,-80.97,-84.83,-90.32,-90.51
1971-08-01,20.41,23.43,19.92,13.17,16.76,9.15,10.24,23.35,5.67,14.03,-0.61,0.89,4.27,0.41,4.22,-9.95,-5.9,-10.13,-8.19,-13.96,-19.56,-21.57,-15.16,-30.89,-27.06,-17.67,-13.61,14.39,25.11,-42.57,-32.09,-100.92,-82.08,-85.78,-91.24,-91.36
1971-09-01,20.53,23.54,19.99,13.19,16.75,9.13,10.2,23.18,5.56,13.89,-0.8,0.72,4.11,0.23,4.06,-10.2,-6.14,-10.38,-8.42,-14.12,-19.76,-21.8,-15.44,-31.05,-27.17,-17.73,-13.69,14.27,25.0,-42.61,-32.18,-101.55,-82.53,-86.11,-91.59,-91.73
1971-10-01,20.42,23.43,19.89,13.11,16.68,9.06,10.13,23.29,5.51,13.9,-0.94,0.65,4.01,0.11,3.95,-10.34,-6.3,-10.52,-8.54,-14.16,-19.82,-21.92,-15.59,-31.15,-27.27,-17.85,-13.8,14.03,24.86,-41.83,-31.78,-100.83,-82.11,-85.77,-91.3,-91.49
1971-11-01,20.25,23.25,19.78,13.06,16.66,9.01,10.12,23.45,5.38,13.94,-1.08,0.63,3.96,0.08,3.9,-10.42,-6.4,-10.52,-8.54,-14.44,-19.87,-21.96,-15.59,-31.29,-27.55,-18.11,-13.98,13.7,24.64,-41.71,-32.08,-100.08,-81.83,-85.59,-91.11,-91.44
1971-12-01,20.09,23.11,19.7,13.05,16.65,9.01,10.14,23.65,5.34,14.02,-1.14,0.65,3.98,0.12,3.92,-10.36,-6.4,-10.45,-8.47,-14.34,-19.76,-21.9,-15.5,-31.28,-27.62,-18.3,-14.1,13.46,24.54,-40.91,-31.78,-99.39,-81.21,-85.1,-90.64,-91.1
1972-01-01,19.95,22.98,19.65,13.08,16.71,9.07,10.23,23.88,5.39,14.13,-1.04,0.74,4.05,0.23,4.0,-10.12,-6.2,-10.19,-8.27,-14.2,-19.6,-21.72,-15.21,-31.22,-27.64,-18.43,-14.18,13.26,24.47,-40.02,-31.42,-98.53,-80.54,-84.56,-90.14,-90.71
1972-02-01,19.8,22.85,19.6,13.1,16.73,9.12,10.27,24.07,5.35,14.23,-1.01,0.83,4.13,0.34,4.06,-9.99,-6.08,-9.99,-8.11,-14.11,-19.49,-21.56,-14.99,-31.16,-27.67,-18.57,-14.25,13.06,24.4,-39.61,-31.01,-97.9,-79.95,-84.02,-89.63,-90.32
1972-03-01,19.56,22.65,19.45,13.02,16.63,9.02,10.18,24.07,5.21,14.21,-1.13,0.8,4.08,0.27,3.95,-10.17,-6.16,-10.08,-8.22,-14.37,-19.7,-21.67,-15.09,-31.31,-27.86,-18.81,-14.42,12.84,24.15,-39.64,-31.05,-98.81,-79.93,-83.95,-89.58,-90.34
1972-04-01,19.48,22.56,19.38,12.94,16.54,8.94,10.08,24.02,5.2,14.17,-1.21,0.77,4.03,0.16,3.82,-10.36,-6.3,-10.26,-8.41,-14.49,-19.87,-21.84,-15.29,-31.39,-27.99,-18.97,-14.58,12.67,24.06,-39.73,-31.0,-99.29,-79.82,-83.78,-89.45,-90.29
1972-05-01,19.54,22.61,19.42,12.93,16.51,8.9,10.02,23.75,5.05,13.99,-1.36,0.61,3.91,0.02,3.68,-10.57,-6.47,-10.48,-8.63,-14.63,-20.06,-22.04,-15.53,-31.5,-28.11,-19.09,-14.71,12.6,23.75,-41.52,-31.74,-100.57,-80.56,-84.41,-90.05,-90.84
1972-06-01,19.69,22.74,19.52,12.96,16.49,8.86,9.95,23.45,4.91,13.79,-1.53,0.43,3.77,-0.17,3.51,-10.85,-6.69,-10.76,-8.91,-14.82,-20.32,-22.31,-15.85,-31.66,-28.25,-19.19,-14.83,12.56,23.51,-42.59,-32.3,-102.04,-81.46,-85.15,-90.78,-91.51
1972-07-01,19.93,22.96,19.68,13.04,16.54,8.86,9.94,23.05,4.74,13.54,-1.71,0.23,3.61,-0.34,3.36,-11.09,-6.9,-11.01,-9.14,-14.97,-20.53,-22.55,-16.13,-31.83,-28.37,-19.24,-14.91,12.56,23.23,-43.97,-33.06,-103.68,-82.75,-86.26,-91.84,-92.48
1972-08-01,20.15,23.16,19.83,13.1,16.57,8.85,9.93,22.7,4.58,13.31,-1.9,0.02,3.44,-0.51,3.22,-11.31,-7.11,-11.24,-9.35,-15.12,-20.72,-22.77,-16.38,-32.01,-28.48,-19.29,-14.97,12.53,22.97,-44.92,-33.64,-104.83,-83.89,-87.24,-92.79,-93.36
1972-09-01,20.2,23.19,19.83,13.05,16.51,8.76,9.83,22.52,4.45,13.16,-2.09,-0.15,3.26,-0.7,3.05,-11.56,-7.35,-11.49,-9.58,-15.32,-20.95,-23.01,-16.65,-32.22,-28.62,-19.38,-15.08,12.37,22.83,-44.89,-33.73,-105.38,-84.33,-87.57,-93.14,-93.74
1972-10-01,20.02,23.0,19.66,12.91,16.39,8.61,9.71,22.65,4.4,13.16,-2.22,-0.22,3.15,-0.83,2.93,-11.7,-7.51,-11.63,-9.7,-15.41,-21.04,-23.15,-16.81,-32.37,-28.76,-19.53,-15.21,12.09,22.68,-43.99,-33.32,-104.74,-83.88,-87.24,-92.81,-93.53
1972-11-01,19.82,22.81,19.53,12.84,16.36,8.55,9.69,22.82,4.4,13.22,-2.19,-0.22,3.13,-0.83,2.93,-11.56,-7.43,-11.51,-9.61,-15.4,-20.96,-23.1,-16.67,-32.41,-28.84,-19.68,-15.32,11.82,22.56,-43.29,-33.13,-103.84,-83.33,-86.82,-92.4,-93.25
1972-12-01,19.65,22.64,19.42,12.8,16.35,8.54,9.7,23.02,4.42,13.29,-2.13,-0.16,3.15,-0.77,2.96,-11.4,-7.32,-11.34,-9.48,-15.35,-20.86,-22.99,-16.47,-32.42,-28.9,-19.83,-15.41,11.58,22.47,-42.54,-32.87,-102.84,-82.74,-86.35,-91.96,-92.93
1973-01-01,19.5,22.49,19.35,12.81,16.39,8.58,9.77,23.23,4.49,13.4,-1.96,-0.05,3.23,-0.64,3.07,-11.09,-7.04,-11.03,-9.22,-15.24,-20.7,-22.79,-16.11,-32.37,-28.92,-19.94,-15.47,11.4,22.43,-41.54,-32.58,-101.65,-82.13,-85.86,-91.48,-92.58
1973-02-01,19.36,22.36,19.29,12.82,16.42,8.63,9.84,23.44,4.61,13.52,-1.59,0.11,3.33,-0.46,3.22,-10.57,-6.52,-10.53,-8.84,-15.09,-20.52,-22.5,-15.55,-32.31,-28.9,-20.02,-15.49,11.28,22.59,-40.21,-32.09,-99.74,-81.5,-85.35,-91.0,-92.21
1973-03-01,19.23,22.22,19.17,12.74,16.33,8.58,9.77,23.65,4.75,13.62,-1.32,0.25,3.4,-0.39,3.26,-10.16,-6.11,-10.14,-8.6,-15.11,-20.49,-22.28,-15.01,-32.35,-28.96,-19.9,-15.52,11.92,23.54,-39.17,-31.59,-97.88,-80.87,-84.83,-90.5,-91.83
1973-04-01,19.17,22.15,19.1,12.66,16.24,8.52,9.68,23.74,4.82,13.69,-1.22,0.32,3.44,-0.36,3.26,-9.97,-5.93,-9.95,-8.5,-15.15,-20.49,-22.17,-14.71,-32.4,-29.01,-19.9,-15.51,11.99,23.69,-39.08,-31.55,-97.6,-80.8,-84.64,-90.23,-91.72
1973-05-01,19.29,22.24,19.16,12.67,16.22,8.51,9.64,23.49,4.79,13.54,-1.22,0.29,3.43,-0.37,3.22,-9.95,-5.91,-9.94,-8.52,-15.18,-20.51,-22.16,-14.64,-32.46,-29.06,-19.91,-15.48,12.05,23.6,-40.29,-31.99,-98.11,-81.42,-85.13,-90.77,-92.19
1973-06-01,19.54,22.46,19.31,12.73,16.24,8.52,9.62,23.16,4.74,13.36,-1.3,0.2,3.36,-0.45,3.14,-10.08,-6.03,-10.1,-8.66,-15.26,-20.62,-22.28,-14.8,-32.55,-29.1,-19.89,-15.46,12.12,23.45,-41.5,-32.5,-99.21,-82.35,-85.91,-91.53,-92.89
1973-07-01,19.87,22.76,19.53,12.86,16.33,8.59,9.67,22.77,4.68,13.15,-1.41,0.07,3.28,-0.53,3.07,-10.24,-6.19,-10.29,-8.81,-15.3,-20.71,-22.41,-15.01,-32.64,-29.13,-19.84,-15.42,12.2,23.23,-42.88,-33.2,-100.89,-83.64,-87.03,-92.6,-93.84
1973-08-01,20.18,23.03,19.74,12.98,16.41,8.66,9.72,22.42,4.62,12.94,-1.53,-0.07,3.18,-0.63,3.0,-10.43,-6.38,-10.52,-8.97,-15.35,-20.8,-22.56,-15.26,-32.75,-29.15,-19.79,-15.38,12.25,23.02,-43.88,-33.74,-102.39,-84.79,-88.04,-93.57,-94.71
1973-09-01,20.32,23.14,19.79,12.98,16.38,8.65,9.69,22.23,4.57,12.81,-1.67,-0.2,3.06,-0.78,2.88,-10.66,-6.62,-10.79,-9.19,-15.45,-20.94,-22.76,-15.56,-32.88,-29.21,-19.79,-15.4,12.16,22.91,-43.9,-33.81,-103.18,-85.3,-88.45,-93.97,-95.11
1973-10-01,20.2,23.01,19.67,12.88,16.3,8.58,9.62,22.36,4.6,12.85,-1.75,-0.22,3.0,-0.86,2.8,-10.79,-6.79,-10.96,-9.31,-15.45,-20.95,-22.86,-15.75,-32.96,-29.27,-19.86,-15.47,11.94,22.81,-43.01,-33.36,-102.89,-84.86,-88.13,-93.66,-94.88
1973-11-01,20.04,22.85,19.56,12.83,16.29,8.56,9.63,22.54,4.64,12.93,-1.77,-0.19,3.01,-0.83,2.83,-10.77,-6.84,-10.96,-9.28,-15.42,-20.84,-22.83,-15.77,-32.96,-29.31,-19.96,-15.53,11.72,22.73,-42.59,-33.26,-102.44,-84.37,-87.72,-93.26,-94.56
1973-12-01,19.89,22.7,19.47,12.82,16.29,8.58,9.67,22.75,4.7,13.04,-1.73,-0.13,3.06,-0.76,2.87,-10.67,-6.79,-10.88,-9.19,-15.34,-20.72,-22.74,-15.67,-32.92,-29.33,-20.07,-15.59,11.52,22.66,-42.06,-33.08,-101.71,-83.76,-87.25,-92.81,-94.21
1974-01-01,19.76,22.58,19.41,12.84,16.35,8.64,9.77,22.97,4.8,13.16,-1.5,0.0,3.16,-0.61,3.01,-10.35,-6.48,-10.56,-8.93,-15.21,-20.53,-22.52,-15.33,-32.83,-29.31,-20.14,-15.63,11.39,22.67,-40.96,-32.73,-100.81,-83.12,-86.75,-92.34,-93.82
1974-02-01,19.63,22.45,19.36,12.87,16.39,8.71,9.85,23.16,4.84,13.29,-1.39,0.14,3.27,-0.46,3.11,-10.17,-6.31,-10.34,-8.73,-15.08,-20.38,-22.34,-15.1,-32.74,-29.31,-20.25,-15.66,11.24,22.64,-40.25,-32.33,-100.0,-82.51,-86.25,-91.86,-93.43
1974-03-01,19.51,22.33,19.26,12.8,16.32,8.67,9.79,23.31,4.89,13.38,-1.38,0.18,3.3,-0.47,3.08,-10.24,-6.32,-10.4,-8.79,-15.17,-20.47,-22.39,-15.17,-32.77,-29.39,-20.38,-15.76,11.06,22.55,-39.91,-32.14,-99.97,-82.24,-85.9,-91.48,-93.14
1974-04-01,19.44,22.25,19.19,12.73,16.23,8.62,9.7,23.45,4.93,13.45,-1.39,0.2,3.29,-0.55,2.99,-10.39,-6.4,-10.55,-8.96,-15.3,-20.64,-22.53,-15.35,-32.82,-29.49,-20.51,-15.88,10.94,22.44,-39.68,-31.93,-99.46,-81.85,-85.65,-91.3,-93.0
1974-05-01,19.51,22.31,19.22,12.72,16.21,8.6,9.66,23.23,4.84,13.32,-1.48,0.1,3.22,-0.66,2.88,-10.6,-6.55,-10.78,-9.18,-15.41,-20.81,-22.73,-15.62,-32.9,-29.59,-20.59,-15.98,10.91,22.26,-41.11,-32.5,-100.56,-82.56,-86.14,-91.75,-93.42
1974-06-01,19.71,22.49,19.35,12.77,16.23,8.6,9.63,22.93,4.75,13.15,-1.62,-0.05,3.11,-0.82,2.73,-10.87,-6.77,-11.08,-9.46,-15.56,-21.04,-22.99,-15.96,-33.02,-29.69,-20.65,-16.06,10.94,22.07,-42.31,-33.03,-101.86,-83.46,-86.9,-92.49,-94.07
1974-07-01,20.0,22.75,19.54,12.88,16.3,8.65,9.66,22.6,4.66,12.95,-1.76,-0.22,2.99,-0.96,2.61,-11.11,-6.98,-11.35,-9.7,-15.66,-21.22,-23.22,-16.28,-33.14,-29.76,-20.65,-16.11,10.99,21.83,-43.58,-33.69,-103.3,-84.67,-87.96,-93.5,-94.96
1974-08-01,20.29,23.02,19.74,12.99,16.38,8.7,9.7,22.25,4.56,12.74,-1.91,-0.4,2.85,-1.11,2.5,-11.33,-7.19,-11.6,-9.91,-15.75,-21.38,-23.44,-16.57,-33.27,-29.82,-20.63,-16.13,11.03,21.62,-44.61,-34.25,-104.5,-85.83,-88.99,-94.49,-95.82
1974-09-01,20.44,23.15,19.8,13.0,16.37,8.69,9.67,22.04,4.47,12.58,-2.07,-0.57,2.7,-1.28,2.36,-11.57,-7.43,-11.87,-10.15,-15.88,-21.56,-23.68,-16.87,-33.42,-29.89,-20.64,-16.18,10.96,21.46,-44.81,-34.41,-105.21,-86.44,-89.51,-94.99,-96.29
1974-10-01,20.34,23.03,19.69,12.9,16.29,8.61,9.6,22.15,4.45,12.6,-2.18,-0.64,2.61,-1.39,2.26,-11.7,-7.6,-12.03,-10.28,-15.91,-21.61,-23.81,-17.05,-33.51,-29.97,-20.71,-16.26,10.73,21.35,-43.93,-33.96,-104.68,-86.01,-89.22,-94.7,-96.06
1974-11-01,20.18,22.88,19.58,12.85,16.27,8.57,9.6,22.32,4.47,12.66,-2.21,-0.63,2.59,-1.39,2.26,-11.66,-7.62,-12.0,-10.24,-15.88,-21.53,-23.79,-17.02,-33.53,-30.02,-20.82,-16.34,10.5,21.27,-43.43,-33.82,-103.95,-85.47,-88.82,-94.32,-95.75
1974-12-01,20.04,22.74,19.49,12.83,16.26,8.58,9.63,22.5,4.42,12.75,-2.25,-0.59,2.62,-1.34,2.29,-11.62,-7.61,-11.92,-10.17,-15.87,-21.46,-23.72,-16.94,-33.53,-30.15,-20.98,-16.42,10.28,21.19,-43.02,-33.71,-103.26,-85.11,-88.48,-93.96,-95.48
1975-01-01,19.91,22.63,19.43,12.85,16.31,8.63,9.71,22.71,4.49,12.86,-2.1,-0.5,2.69,-1.23,2.37,-11.34,-7.38,-11.66,-9.96,-15.75,-21.29,-23.54,-16.63,-33.47,-30.16,-21.09,-16.49,10.1,21.14,-42.34,-33.46,-102.39,-84.49,-88.01,-93.52,-95.11
1975-02-01,19.79,22.52,19.38,12.87,16.34,8.69,9.78,22.92,4.58,12.98,-1.92,-0.37,2.78,-1.09,2.48,-11.04,-7.1,-11.35,-9.72,-15.61,-21.14,-23.34,-16.29,-33.4,-30.16,-21.2,-16.53,9.95,21.12,-41.29,-33.07,-101.27,-83.89,-87.54,-93.06,-94.72
1975-03-01,19.65,22.38,19.26,12.78,16.3,8.63,9.73,23.12,4.65,13.07,-1.76,-0.29,2.81,-1.08,2.47,-10.88,-6.88,-11.17,-9.64,-15.7,-21.2,-23.28,-16.05,-33.44,-30.23,-21.33,-16.63,9.77,21.07,-40.41,-32.72,-100.37,-83.36,-87.06,-92.59,-94.32
1975-04-01,19.57,22.3,19.18,12.69,16.28,8.56,9.66,23.22,4.67,13.13,-1.73,-0.27,2.82,-1.12,2.41,-10.85,-6.81,-11.14,-9.68,-15.81,-21.31,-23.3,-15.98,-33.51,-30.33,-21.25,-16.72,10.46,21.87,-40.27,-32.62,-99.97,-83.25,-86.92,-92.47,-94.26
1975-05-01,19.63,22.36,19.22,12.69,16.33,8.53,9.64,22.99,4.57,12.99,-1.78,-0.34,2.77,-1.18,2.33,-10.92,-6.85,-11.22,-9.78,-15.9,-21.42,-23.39,-16.03,-33.59,-30.39,-21.24,-16.75,10.63,21.95,-41.45,-33.08,-100.78,-83.81,-87.4,-92.95,-94.67
1975-06-01,19.81,22.53,19.34,12.73,16.41,8.51,9.64,22.67,4.47,12.8,-1.89,-0.46,2.67,-1.3,2.21,-11.09,-7.0,-11.41,-9.97,-16.03,-21.58,-23.56,-16.23,-33.7,-30.47,-21.24,-16.77,10.73,21.87,-42.52,-33.57,-101.98,-84.69,-88.16,-93.7,-95.31
1975-07-01,20.08,22.79,19.53,12.83,16.52,8.54,9.68,22.29,4.35,12.58,-2.02,-0.61,2.57,-1.42,2.12,-11.26,-7.16,-11.61,-10.15,-16.1,-21.71,-23.73,-16.44,-33.81,-30.52,-21.22,-16.77,10.83,21.68,-43.83,-34.23,-103.43,-85.89,-89.22,-94.73,-96.21
1975-08-01,20.32,23.02,19.7,12.92,16.61,8.56,9.71,21.96,4.24,12.38,-2.17,-0.76,2.44,-1.54,2.01,-11.44,-7.35,-11.83,-10.33,-16.18,-21.83,-23.9,-16.68,-33.93,-30.57,-21.2,-16.78,10.88,21.5,-44.77,-34.74,-104.69,-86.96,-90.17,-95.64,-97.0
1975-09-01,20.43,23.11,19.74,12.91,16.59,8.51,9.66,21.74,4.13,12.22,-2.33,-0.92,2.3,-1.7,1.87,-11.66,-7.57,-12.08,-10.54,-16.29,-21.98,-24.1,-16.95,-34.08,-30.65,-21.23,-16.83,10.8,21.33,-44.89,-34.85,-105.51,-87.53,-90.66,-96.12,-97.44
1975-10-01,20.3,22.98,19.61,12.8,16.5,8.4,9.58,21.82,4.09,12.22,-2.44,-0.97,2.22,-1.79,1.79,-11.78,-7.73,-12.22,-10.65,-16.31,-22.01,-24.21,-17.11,-34.16,-30.72,-21.31,-16.91,10.6,21.23,-44.21,-34.45,-105.17,-87.17,-90.4,-95.89,-97.22
1975-11-01,20.12,22.81,19.49,12.74,16.47,8.33,9.55,21.96,4.01,12.27,-2.55,-0.98,2.2,-1.79,1.77,-11.84,-7.82,-12.22,-10.63,-16.5,-22.01,-24.21,-17.12,-34.28,-30.91,-21.52,-17.03,10.37,21.15,-44.06,-34.72,-104.67,-86.91,-90.27,-95.76,-97.19
1975-12-01,19.9,22.58,19.32,12.62,16.36,8.2,9.48,22.02,3.86,12.25,-2.66,-0.98,2.15,-1.82,1.67,-11.87,-7.88,-12.23,-10.66,-16.61,-22.0,-24.23,-17.11,-34.36,-31.11,-21.82,-17.23,10.08,20.93,-43.7,-34.54,-104.37,-86.42,-89.87,-95.38,-96.88
1976-01-01,19.75,22.46,19.25,12.63,16.38,8.22,9.53,22.19,3.86,12.33,-2.67,-0.92,2.21,-1.74,1.72,-11.78,-7.86,-12.14,-10.57,-16.44,-21.82,-24.12,-17.02,-34.29,-31.13,-21.95,-17.34,9.84,20.83,-43.24,-34.29,-103.94,-85.82,-89.4,-94.94,-96.51
1976-02-01,19.57,22.31,19.18,12.61,16.38,8.22,9.56,22.38,3.9,12.43,-2.66,-0.84,2.27,-1.65,1.77,-11.73,-7.82,-12.06,-10.49,-16.3,-21.71,-24.02,-16.94,-34.22,-31.16,-22.09,-17.44,9.64,20.76,-42.82,-34.02,-103.5,-85.24,-88.93,-94.49,-96.13
1976-03-01,19.3,22.09,19.01,12.49,16.24,8.09,9.44,22.28,3.74,12.35,-2.79,-0.9,2.21,-1.75,1.64,-11.95,-7.94,-12.2,-10.66,-16.62,-21.96,-24.17,-17.11,-34.37,-31.36,-22.36,-17.73,9.38,20.58,-43.0,-34.11,-104.24,-85.24,-88.89,-94.48,-96.14
1976-04-01,19.19,21.98,18.9,12.37,16.09,7.96,9.29,22.38,3.71,12.37,-2.9,-0.95,2.14,-1.88,1.49,-12.19,-8.11,-12.43,-10.9,-16.76,-22.16,-24.38,-17.37,-34.46,-31.5,-22.53,-17.91,9.18,20.39,-42.65,-33.99,-104.46,-84.9,-88.56,-94.14,-95.83
1976-05-01,19.25,22.05,18.93,12.35,16.03,7.91,9.2,22.03,3.55,12.16,-3.06,-1.12,2.01,-2.04,1.33,-12.43,-8.3,-12.68,-11.15,-16.9,-22.37,-24.62,-17.66,-34.57,-31.62,-22.65,-18.06,9.13,20.14,-44.29,-34.65,-105.76,-85.83,-89.35,-94.95,-96.55
1976-06-01,19.4,22.18,19.01,12.35,15.97,7.85,9.1,21.72,3.4,11.95,-3.24,-1.31,1.85,-2.25,1.14,-12.74,-8.55,-12.99,-11.45,-17.11,-22.66,-24.91,-18.01,-34.74,-31.77,-22.76,-18.19,9.08,19.9,-45.28,-35.18,-107.08,-86.74,-90.13,-95.71,-97.22
1976-07-01,19.62,22.39,19.16,12.4,15.97,7.82,9.06,21.32,3.22,11.69,-3.44,-1.54,1.67,-2.44,0.98,-13.0,-8.78,-13.26,-11.7,-17.28,-22.89,-25.18,-18.32,-34.92,-31.9,-22.83,-18.29,9.07,19.61,-46.62,-35.92,-108.51,-88.03,-91.26,-96.79,-98.18
1976-08-01,19.8,22.56,19.26,12.41,15.95,7.77,8.99,21.02,3.06,11.48,-3.65,-1.75,1.5,-2.63,0.82,-13.27,-9.02,-13.52,-11.94,-17.46,-23.12,-25.43,-18.61,-35.11,-32.03,-22.9,-18.37,9.01,19.39,-47.37,-36.39,-109.55,-89.01,-92.12,-97.61,-98.91
1976-09-01,19.81,22.55,19.21,12.32,15.83,7.64,8.85,20.87,2.91,11.34,-3.86,-1.93,1.3,-2.85,0.62,-13.56,-9.28,-13.8,-12.2,-17.68,-23.38,-25.71,-18.93,-35.33,-32.19,-23.02,-18.5,8.83,19.23,-47.21,-36.38,-109.91,-89.29,-92.35,-97.82,-99.15
1976-10-01,19.63,22.37,19.04,12.17,15.7,7.47,8.7,20.94,2.82,11.31,-4.02,-2.04,1.18,-3.0,0.49,-13.72,-9.47,-13.97,-12.34,-17.77,-23.49,-25.88,-19.11,-35.48,-32.34,-23.19,-18.65,8.55,19.07,-46.44,-36.01,-109.35,-88.88,-92.06,-97.56,-98.94
1976-11-01,19.41,22.16,18.89,12.06,15.61,7.35,8.63,21.06,2.69,11.31,-4.17,-2.09,1.1,-3.05,0.41,-13.8,-9.58,-13.99,-12.37,-18.05,-23.56,-25.94,-19.14,-35.64,-32.65,-23.53,-18.88,8.19,18.82,-46.42,-36.36,-108.63,-88.7,-91.97,-97.48,-98.93
1976-12-01,19.15,21.89,18.67,11.9,15.47,7.18,8.51,21.09,2.47,11.25,-4.32,-2.13,1.0,-3.13,0.27,-13.86,-9.65,-13.99,-12.41,-18.17,-23.61,-25.98,-19.13,-35.79,-32.8,-23.74,-19.06,7.86,18.6,-46.14,-36.28,-108.06,-88.21,-91.59,-97.11,-98.66
1977-01-01,18.97,21.72,18.57,11.87,15.46,7.16,8.53,21.26,2.46,11.31,-4.35,-2.1,1.03,-3.08,0.3,-13.78,-9.63,-13.9,-12.31,-18.04,-23.48,-25.89,-19.02,-35.75,-32.85,-23.9,-19.18,7.61,18.49,-45.7,-36.05,-107.46,-87.66,-91.15,-96.69,-98.32
1977-02-01,18.73,21.47,18.39,11.76,15.38,7.06,8.45,21.31,2.29,11.31,-4.45,-2.09,1.01,-3.07,0.21,-13.81,-9.64,-13.84,-12.29,-18.09,-23.49,-25.85,-18.95,-35.81,-33.06,-24.18,-19.35,7.35,18.34,-45.61,-35.96,-107.14,-87.37,-90.86,-96.44,-98.13
1977-03-01,17.65,20.6,17.71,11.27,14.93,6.49,8.03,21.07,1.81,11.07,-4.87,-2.27,0.79,-3.33,-0.13,-14.43,-10.0,-14.2,-12.73,-19.17,-24.2,-26.3,-19.38,-36.34,-33.73,-25.12,-20.38,6.04,17.38,-45.67,-36.59,-108.7,-87.3,-90.86,-96.38,-98.2
1977-04-01,16.49,19.58,16.85,10.57,14.32,5.71,7.41,20.62,1.01,10.59,-5.5,-2.61,0.34,-3.85,-0.85,-15.16,-10.54,-14.76,-13.46,-20.35,-25.07,-27.0,-20.0,-37.16,-34.73,-26.31,-21.58,4.65,16.27,-46.49,-37.54,-110.33,-87.7,-91.18,-96.67,-98.57
1977-05-01,15.53,18.71,16.08,9.87,13.71,4.9,6.76,20.17,0.25,10.12,-6.2,-3.01,-0.12,-4.4,-1.62,-15.95,-11.17,-15.41,-14.29,-21.72,-25.85,-27.83,-20.73,-38.06,-35.82,-27.61,-22.82,3.24,15.02,-48.04,-39.64,-111.58,-88.34,-91.74,-97.19,-99.15
1977-06-01,13.84,17.25,14.83,8.8,12.81,3.69,5.82,19.32,-1.01,9.3,-7.28,-3.65,-0.87,-5.25,-2.81,-17.08,-12.1,-16.36,-15.56,-23.77,-27.04,-29.09,-21.75,-39.44,-37.77,-29.89,-24.98,0.78,12.83,-50.36,-42.48,-114.49,-89.64,-93.04,-98.34,-100.31
1977-07-01,11.83,15.51,13.33,7.51,11.75,2.19,4.7,18.18,-2.61,8.22,-8.61,-4.47,-1.81,-6.29,-4.29,-18.44,-13.21,-17.49,-17.09,-26.21,-28.51,-30.6,-22.95,-41.22,-40.11,-32.63,-27.65,-2.39,9.99,-53.11,-45.79,-117.44,-91.48,-94.83,-99.95,-101.93
1977-08-01,10.0,13.9,11.89,6.16,10.61,0.62,3.49,17.07,-4.15,7.15,-9.97,-5.35,-2.79,-7.37,-5.72,-19.81,-14.36,-18.65,-18.57,-28.1,-29.98,-32.08,-24.19,-42.88,-42.19,-35.05,-30.02,-5.23,7.42,-55.08,-48.05,-119.95,-93.06,-96.39,-101.38,-103.36
1977-09-01,8.67,12.7,10.76,5.03,9.64,-0.69,2.41,16.29,-5.27,6.33,-11.05,-6.17,-3.64,-8.32,-6.77,-20.93,-15.37,-19.69,-19.71,-28.65,-31.09,-33.22,-25.3,-43.93,-43.46,-36.51,-31.53,-7.07,5.84,-55.79,-48.66,-121.11,-93.79,-97.09,-102.07,-104.13
1977-10-01,8.45,12.38,10.34,4.42,9.08,-1.43,1.73,15.97,-5.75,5.89,-11.64,-6.76,-4.22,-8.96,-7.37,-21.51,-15.99,-20.33,-20.34,-28.34,-31.67,-33.84,-25.95,-44.41,-43.84,-36.85,-31.84,-7.55,5.32,-55.56,-48.02,-120.86,-93.66,-96.99,-102.08,-104.21
1977-11-01,8.4,12.25,10.11,4.04,8.75,-1.87,1.32,15.84,-6.02,5.64,-12.06,-7.21,-4.59,-9.36,-7.7,-21.87,-16.42,-20.74,-20.68,-28.34,-32.03,-34.24,-26.37,-44.72,-44.17,-37.27,-32.11,-7.95,4.91,-55.29,-47.69,-120.46,-93.23,-96.74,-101.83,-104.0
1977-12-01,8.42,12.22,10.0,3.81,8.57,-2.1,1.07,15.85,-6.04,5.51,-12.27,-7.54,-4.86,-9.63,-7.85,-22.06,-16.69,-21.01,-20.87,-28.05,-32.2,-34.47,-26.64,-44.84,-44.27,-37.42,-32.21,-8.22,4.68,-54.57,-46.81,-119.8,-92.62,-96.26,-101.43,-103.67
1978-01-01,8.47,12.23,9.94,3.68,8.46,-2.21,0.94,15.9,-5.99,5.43,-12.11,-7.75,-5.04,-9.76,-7.89,-21.8,-16.49,-20.89,-20.77,-27.79,-32.25,-34.48,-26.47,-44.88,-44.29,-37.51,-32.25,-8.38,4.57,-53.45,-46.06,-118.52,-92.0,-95.75,-100.99,-103.3
1978-02-01,8.54,12.26,9.9,3.57,8.37,-2.28,0.84,15.97,-5.85,5.39,-11.82,-7.85,-5.15,-9.79,-7.83,-21.38,-16.14,-20.6,-20.52,-27.48,-32.2,-34.38,-26.12,-44.88,-44.29,-37.32,-32.2,-7.66,5.46,-51.94,-45.22,-116.57,-91.38,-95.22,-100.53,-102.91
1978-03-01,8.6,12.27,9.82,3.39,8.18,-2.42,0.62,16.04,-5.71,5.34,-11.63,-7.97,-5.28,-9.9,-7.86,-21.07,-15.91,-20.44,-20.41,-27.32,-32.19,-34.35,-25.82,-44.93,-44.31,-37.04,-32.12,-6.77,6.58,-50.64,-44.5,-114.45,-90.77,-94.69,-100.06,-102.49
1978-04-01,8.69,12.3,9.74,3.19,8.0,-2.58,0.39,16.1,-5.59,5.3,-11.5,-8.08,-5.42,-10.05,-7.94,-20.87,-15.8,-20.42,-20.42,-27.21,-32.22,-34.39,-25.68,-44.99,-44.34,-36.95,-32.01,-5.83,7.8,-49.73,-43.97,-112.96,-90.32,-94.2,-99.59,-102.07
1978-05-01,8.92,12.48,9.78,3.09,7.92,-2.66,0.25,15.89,-5.58,5.14,-11.46,-8.26,-5.58,-10.21,-8.02,-20.78,-15.79,-20.49,-20.49,-27.1,-32.26,-34.48,-25.67,-45.05,-44.37,-36.68,-31.89,-4.7,9.03,-49.84,-43.95,-112.43,-90.55,-94.25,-99.63,-102.09
1978-06-01,9.32,12.82,9.97,3.1,7.93,-2.67,0.17,15.52,-5.61,4.88,-11.53,-8.5,-5.76,-10.4,-8.14,-20.86,-15.94,-20.74,-20.67,-27.02,-32.32,-34.66,-25.88,-45.12,-44.36,-36.49,-31.72,-4.26,9.27,-50.61,-44.24,-112.94,-91.41,-94.96,-100.36,-102.6
1978-07-01,9.84,13.28,10.26,3.21,8.03,-2.59,0.2,15.04,-5.66,4.57,-11.63,-8.77,-5.96,-10.58,-8.23,-21.0,-16.15,-21.02,-20.87,-26.94,-32.38,-34.85,-26.15,-45.2,-44.33,-36.3,-31.54,-3.92,9.26,-51.88,-44.78,-114.06,-92.66,-96.04,-101.42,-103.33
1978-08-01,10.34,13.73,10.53,3.33,8.12,-2.49,0.23,14.62,-5.71,4.28,-11.76,-9.04,-6.16,-10.77,-8.32,-21.18,-16.4,-21.34,-21.07,-26.89,-32.47,-35.05,-26.47,-45.3,-44.29,-36.13,-31.38,-3.67,9.2,-52.84,-45.19,-115.32,-93.76,-96.99,-102.35,-103.92
1978-09-01,10.63,13.97,10.63,3.32,8.09,-2.48,0.17,14.42,-5.74,4.11,-11.9,-9.27,-6.37,-10.99,-8.45,-21.42,-16.7,-21.7,-21.33,-26.93,-32.6,-35.29,-26.85,-45.44,-44.3,-36.03,-31.29,-3.61,9.27,-52.62,-45.0,-115.81,-93.95,-97.11,-102.48,-103.84
1978-10-01,10.68,13.98,10.57,3.23,7.98,-2.53,0.09,14.41,-5.75,4.04,-12.03,-9.42,-6.52,-11.14,-8.54,-21.61,-16.94,-21.96,-21.49,-26.96,-32.69,-35.44,-27.12,-45.55,-44.31,-35.99,-31.25,-3.66,9.18,-52.07,-44.63,-115.58,-93.75,-96.95,-102.38,-103.55
1978-11-01,10.65,13.92,10.49,3.14,7.9,-2.58,0.03,14.48,-5.86,4.01,-12.2,-9.52,-6.63,-11.21,-8.57,-21.77,-17.12,-22.07,-21.52,-27.26,-32.76,-35.5,-27.24,-45.65,-44.36,-36.02,-31.24,-3.76,9.16,-51.91,-44.78,-115.25,-93.12,-96.48,-101.95,-103.04
1978-12-01,10.63,13.89,10.45,3.11,7.87,-2.58,0.03,14.59,-5.85,4.03,-12.25,-9.57,-6.67,-11.22,-8.54,-21.82,-17.22,-22.13,-21.51,-27.2,-32.75,-35.48,-27.31,-45.68,-44.34,-36.03,-31.22,-3.86,9.15,-51.45,-44.46,-114.9,-92.43,-95.94,-101.48,-102.52
1979-01-01,10.63,13.87,10.44,3.13,7.88,-2.52,0.07,14.72,-5.8,4.08,-12.11,-9.56,-6.66,-11.16,-8.46,-21.63,-17.06,-21.97,-21.34,-27.12,-32.67,-35.34,-27.12,-45.66,-44.29,-36.03,-31.18,-3.93,9.16,-50.88,-44.17,-114.34,-91.71,-95.39,-100.99,-102.0
1979-02-01,10.62,13.86,10.43,3.15,7.89,-2.45,0.11,14.85,-5.72,4.14,-11.97,-9.52,-6.63,-11.08,-8.37,-21.44,-16.9,-21.8,-21.16,-26.98,-32.57,-35.2,-26.93,-45.62,-44.23,-36.04,-31.14,-3.99,9.18,-50.24,-43.75,-113.68,-90.99,-94.83,-100.49,-101.49
1979-03-01,10.59,13.81,10.36,3.06,7.77,-2.49,0.01,14.97,-5.65,4.18,-11.79,-9.51,-6.66,-11.12,-8.38,-21.16,-16.65,-21.59,-21.06,-26.97,-32.55,-35.09,-26.59,-45.63,-44.25,-36.06,-31.15,-4.06,9.18,-49.63,-43.47,-112.72,-90.36,-94.3,-99.99,-100.98
1979-04-01,10.61,13.81,10.31,2.97,7.63,-2.55,-0.12,14.99,-5.64,4.18,-11.76,-9.53,-6.7,-11.19,-8.44,-21.03,-16.58,-21.54,-21.07,-26.96,-32.54,-35.06,-26.43,-45.67,-44.29,-36.1,-31.15,-3.47,10.05,-49.23,-43.31,-112.7,-90.14,-94.05,-99.74,-100.74
1979-05-01,10.74,13.92,10.35,2.94,7.54,-2.58,-0.22,14.68,-5.73,3.98,-11.83,-9.67,-6.81,-11.29,-8.53,-21.06,-16.65,-21.64,-21.17,-26.96,-32.57,-35.13,-26.48,-45.72,-44.33,-36.11,-31.14,-3.34,10.12,-50.09,-43.69,-112.97,-90.52,-94.33,-100.07,-100.96
1979-06-01,10.98,14.13,10.48,2.96,7.49,-2.57,-0.3,14.26,-5.86,3.71,-11.97,-9.86,-6.96,-11.46,-8.67,-21.25,-16.86,-21.89,-21.38,-27.0,-32.67,-35.31,-26.72,-45.8,-44.38,-36.09,-31.13,-3.25,9.91,-51.31,-44.24,-114.03,-91.43,-95.12,-100.85,-101.55
1979-07-01,11.1,14.25,10.54,2.96,7.43,-2.62,-0.39,13.72,-6.12,3.35,-12.23,-10.11,-7.19,-11.68,-8.91,-21.55,-17.15,-22.22,-21.7,-27.33,-32.88,-35.6,-27.08,-46.04,-44.63,-36.3,-31.35,-3.45,9.45,-52.82,-45.27,-115.53,-92.63,-96.18,-101.89,-102.38
1979-08-01,11.2,14.34,10.57,2.92,7.34,-2.7,-0.49,13.24,-6.38,3.02,-12.51,-10.37,-7.43,-11.93,-9.15,-21.89,-17.49,-22.59,-22.03,-27.62,-33.13,-35.91,-27.47,-46.31,-44.87,-36.49,-31.55,-3.69,8.99,-53.88,-46.03,-116.74,-93.64,-97.1,-102.78,-103.1
1979-09-01,11.16,14.31,10.49,2.8,7.19,-2.85,-0.66,12.87,-6.64,2.72,-12.81,-10.64,-7.69,-12.21,-9.42,-22.28,-17.87,-23.0,-22.39,-27.87,-33.41,-36.25,-27.91,-46.57,-45.08,-36.66,-31.75,-3.97,8.62,-54.2,-46.31,-117.58,-94.18,-97.57,-103.25,-103.48
1979-10-01,11.09,14.22,10.37,2.67,7.05,-2.96,-0.79,12.88,-6.71,2.65,-12.99,-10.78,-7.85,-12.38,-9.56,-22.53,-18.13,-23.25,-22.58,-27.9,-33.56,-36.42,-28.2,-46.71,-45.14,-36.71,-31.8,-4.17,8.49,-53.35,-45.75,-117.14,-93.68,-97.22,-102.92,-103.17
1979-11-01,10.98,14.12,10.28,2.59,6.97,-3.04,-0.86,12.95,-6.79,2.64,-13.11,-10.85,-7.93,-12.44,-9.6,-22.66,-18.29,-23.35,-22.61,-28.0,-33.62,-36.46,-28.32,-46.79,-45.23,-36.8,-31.83,-4.37,8.4,-53.21,-45.89,-116.55,-93.37,-96.96,-102.74,-103.0
1979-12-01,10.91,14.04,10.22,2.56,6.95,-3.04,-0.86,13.06,-6.79,2.66,-13.17,-10.89,-7.97,-12.46,-9.61,-22.72,-18.37,-23.39,-22.6,-28.0,-33.63,-36.45,-28.37,-46.82,-45.23,-36.86,-31.86,-4.55,8.31,-52.72,-45.54,-115.91,-92.73,-96.48,-102.29,-102.59
1980-01-01,10.85,13.99,10.2,2.58,6.98,-2.98,-0.8,13.19,-6.74,2.7,-12.98,-10.84,-7.96,-12.38,-9.53,-22.45,-18.1,-23.11,-22.37,-27.94,-33.57,-36.28,-28.07,-46.79,-45.18,-36.89,-31.86,-4.66,8.3,-51.71,-45.19,-114.62,-92.07,-95.96,-101.81,-102.15
1980-02-01,10.8,13.94,10.18,2.61,7.0,-2.91,-0.75,13.33,-6.63,2.76,-12.63,-10.75,-7.91,-12.26,-9.41,-21.98,-17.63,-22.68,-22.03,-27.8,-33.45,-36.04,-27.58,-46.74,-45.12,-36.66,-31.81,-3.92,9.23,-50.35,-44.63,-112.78,-91.39,-95.42,-101.3,-101.69
1980-03-01,10.75,13.88,10.11,2.54,6.9,-2.95,-0.84,13.45,-6.52,2.79,-12.48,-10.71,-7.91,-12.26,-9.41,-21.84,-17.48,-22.57,-21.95,-27.74,-33.45,-36.01,-27.47,-46.75,-45.1,-36.61,-31.75,-3.86,9.73,-49.56,-44.26,-111.38,-90.85,-94.91,-100.79,-101.22
1980-04-01,10.79,13.9,10.09,2.49,6.81,-2.98,-0.93,13.44,-6.53,2.78,-12.5,-10.74,-7.96,-12.34,-9.48,-21.95,-17.56,-22.72,-22.06,-27.73,-33.52,-36.14,-27.64,-46.77,-45.13,-36.61,-31.72,-3.83,9.77,-49.36,-44.04,-111.07,-90.79,-94.83,-100.72,-101.15
1980-05-01,10.92,14.01,10.13,2.47,6.75,-3.0,-1.02,13.13,-6.58,2.57,-12.62,-10.89,-8.08,-12.49,-9.61,-22.17,-17.77,-22.98,-22.27,-27.76,-33.64,-36.34,-27.94,-46.82,-45.17,-36.61,-31.71,-3.79,9.68,-50.05,-44.32,-111.52,-91.16,-95.13,-101.02,-101.35
1980-06-01,11.14,14.21,10.24,2.48,6.72,-3.01,-1.09,12.79,-6.68,2.34,-12.8,-11.08,-8.25,-12.69,-9.78,-22.46,-18.05,-23.34,-22.57,-27.83,-33.81,-36.61,-28.34,-46.91,-45.23,-36.61,-31.71,-3.74,9.52,-51.07,-44.71,-112.35,-91.83,-95.71,-101.61,-101.77
1980-07-01,11.45,14.49,10.42,2.56,6.74,-2.96,-1.09,12.34,-6.82,2.05,-12.99,-11.32,-8.43,-12.89,-9.95,-22.75,-18.34,-23.68,-22.85,-27.9,-33.97,-36.86,-28.72,-47.02,-45.27,-36.57,-31.7,-3.65,9.27,-52.43,-45.35,-113.75,-92.93,-96.69,-102.57,-102.51
1980-08-01,11.55,14.59,10.46,2.55,6.7,-3.02,-1.16,11.86,-7.08,1.7,-13.29,-11.59,-8.69,-13.17,-10.23,-23.13,-18.7,-24.08,-23.24,-28.29,-34.24,-37.22,-29.16,-47.3,-45.54,-36.79,-31.95,-3.91,8.8,-53.6,-46.22,-115.32,-93.93,-97.6,-103.46,-103.2
1980-09-01,11.55,14.59,10.42,2.46,6.59,-3.14,-1.29,11.55,-7.29,1.44,-13.58,-11.84,-8.95,-13.45,-10.5,-23.52,-19.07,-24.49,-23.61,-28.52,-34.53,-37.56,-29.61,-47.54,-45.73,-36.94,-32.14,-4.14,8.54,-53.74,-46.37,-116.2,-94.32,-97.97,-103.82,-103.47
1980-10-01,11.49,14.53,10.33,2.37,6.51,-3.22,-1.38,11.55,-7.35,1.37,-13.77,-11.98,-9.11,-13.63,-10.66,-23.78,-19.34,-24.74,-23.81,-28.58,-34.69,-37.74,-29.88,-47.67,-45.8,-36.99,-32.2,-4.3,8.43,-53.17,-45.95,-115.99,-94.06,-97.79,-103.69,-103.3
1980-11-01,11.34,14.35,10.17,2.23,6.38,-3.37,-1.49,11.52,-7.6,1.23,-14.04,-12.12,-9.3,-13.81,-10.89,-24.02,-19.57,-24.89,-23.97,-29.07,-34.89,-37.91,-30.03,-47.93,-46.09,-37.33,-32.44,-4.6,8.14,-53.11,-46.31,-115.83,-93.41,-97.34,-103.28,-102.92
1980-12-01,11.26,14.28,10.12,2.21,6.38,-3.37,-1.48,11.64,-7.62,1.24,-14.15,-12.17,-9.35,-13.85,-10.92,-24.12,-19.69,-24.94,-23.99,-29.03,-34.93,-37.91,-30.09,-47.98,-46.11,-37.4,-32.51,-4.77,8.06,-52.86,-46.06,-115.48,-92.75,-96.81,-102.79,-102.48
1981-01-01,11.18,14.2,10.07,2.21,6.39,-3.36,-1.46,11.73,-7.72,1.26,-14.25,-12.19,-9.36,-13.83,-10.93,-24.16,-19.75,-24.92,-23.94,-29.01,-34.91,-37.86,-30.08,-47.97,-46.2,-37.53,-32.57,-4.93,7.99,-52.46,-45.78,-115.21,-92.19,-96.39,-102.51,-102.24
1981-02-01,11.11,14.15,10.05,2.24,6.43,-3.3,-1.41,11.88,-7.68,1.31,-14.18,-12.17,-9.36,-13.81,-10.91,-24.06,-19.65,-24.81,-23.85,-28.92,-34.87,-37.77,-29.96,-47.95,-46.19,-37.6,-32.63,-5.06,7.95,-51.91,-45.34,-114.76,-91.44,-95.82,-101.99,-101.77
1981-03-01,11.02,14.07,9.98,2.17,6.35,-3.34,-1.49,12.03,-7.65,1.33,-14.18,-12.19,-9.42,-13.91,-11.01,-24.04,-19.65,-24.84,-23.93,-28.96,-34.93,-37.82,-29.93,-47.98,-46.25,-37.71,-32.75,-5.22,7.88,-51.52,-45.04,-114.5,-90.8,-95.26,-101.45,-101.29
1981-04-01,11.03,14.08,9.96,2.12,6.28,-3.38,-1.58,11.94,-7.72,1.24,-14.25,-12.3,-9.52,-14.04,-11.14,-24.07,-19.69,-24.9,-24.06,-29.01,-35.02,-37.9,-29.94,-48.04,-46.33,-37.79,-32.87,-5.29,7.75,-51.66,-45.05,-114.71,-90.67,-95.12,-101.23,-101.15
1981-05-01,11.16,14.2,10.04,2.14,6.26,-3.38,-1.63,11.7,-7.81,1.07,-14.37,-12.44,-9.65,-14.19,-11.28,-24.15,-19.79,-25.03,-24.22,-29.07,-35.11,-38.03,-30.02,-48.11,-46.41,-37.84,-32.95,-5.29,7.59,-52.69,-45.52,-115.39,-91.14,-95.49,-101.68,-101.51
1981-06-01,11.4,14.42,10.19,2.2,6.27,-3.36,-1.67,11.34,-7.95,0.82,-14.53,-12.64,-9.81,-14.38,-11.45,-24.31,-19.97,-25.25,-24.45,-29.14,-35.24,-38.22,-30.21,-48.21,-46.49,-37.87,-33.0,-5.24,7.37,-53.82,-46.08,-116.46,-92.0,-96.24,-102.43,-102.15
1981-07-01,11.72,14.74,10.42,2.33,6.35,-3.28,-1.63,10.88,-8.1,0.52,-14.7,-12.86,-9.99,-14.55,-11.59,-24.48,-20.16,-25.46,-24.65,-29.2,-35.35,-38.39,-30.41,-48.32,-46.55,-37.85,-33.02,-5.15,7.11,-55.23,-46.79,-117.8,-93.26,-97.36,-103.51,-103.1
1981-08-01,12.03,15.02,10.63,2.45,6.43,-3.2,-1.59,10.48,-8.23,0.25,-14.88,-13.08,-10.17,-14.72,-11.73,-24.65,-20.36,-25.68,-24.84,-29.27,-35.48,-38.56,-30.63,-48.45,-46.59,-37.81,-33.01,-5.09,6.88,-56.14,-47.24,-118.86,-94.36,-98.34,-104.47,-103.94
1981-09-01,12.16,15.14,10.7,2.46,6.4,-3.2,-1.64,10.25,-8.35,0.06,-15.06,-13.29,-10.37,-14.93,-11.9,-24.88,-20.61,-25.94,-25.07,-29.4,-35.64,-38.78,-30.9,-48.61,-46.67,-37.82,-33.05,-5.17,6.7,-56.3,-47.45,-119.43,-94.83,-98.76,-104.89,-104.34
1981-10-01,12.05,15.03,10.59,2.37,6.32,-3.27,-1.71,10.33,-8.39,0.03,-15.2,-13.39,-10.5,-15.07,-12.02,-25.06,-20.79,-26.11,-25.2,-29.51,-35.77,-38.9,-31.07,-48.74,-46.74,-37.89,-33.12,-5.38,6.59,-55.46,-46.99,-118.87,-94.31,-98.38,-104.53,-104.08
1981-11-01,11.9,14.89,10.49,2.33,6.31,-3.3,-1.71,10.48,-8.4,0.06,-15.19,-13.4,-10.55,-15.08,-12.04,-25.02,-20.77,-26.05,-25.14,-29.6,-35.79,-38.86,-31.0,-48.82,-46.78,-37.98,-33.17,-5.59,6.51,-54.83,-46.77,-118.08,-93.68,-97.9,-104.09,-103.73
1981-12-01,11.77,14.77,10.43,2.32,6.32,-3.28,-1.68,10.66,-8.36,0.11,-15.14,-13.37,-10.55,-15.05,-12.01,-24.91,-20.67,-25.9,-25.01,-29.63,-35.77,-38.77,-30.84,-48.86,-46.8,-38.05,-33.22,-5.76,6.46,-54.37,-46.64,-117.06,-93.08,-97.39,-103.6,-103.35
1982-01-01,11.66,14.67,10.39,2.35,6.38,-3.21,-1.6,10.85,-8.29,0.19,-14.92,-13.28,-10.49,-14.93,-11.91,-24.57,-20.33,-25.52,-24.7,-29.6,-35.68,-38.54,-30.41,-48.84,-46.76,-38.08,-33.22,-5.83,6.86,-53.18,-46.3,-115.34,-92.4,-96.84,-103.08,-102.94
1982-02-01,11.55,14.58,10.36,2.38,6.42,-3.14,-1.52,11.05,-8.18,0.29,-14.63,-13.14,-10.4,-14.77,-11.77,-24.16,-19.91,-25.1,-24.36,-29.47,-35.54,-38.27,-29.94,-48.79,-46.71,-37.88,-33.17,-5.09,7.92,-51.87,-45.74,-113.35,-91.72,-96.27,-102.55,-102.52
1982-03-01,11.43,14.47,10.27,2.31,6.35,-3.18,-1.59,11.24,-8.07,0.37,-14.34,-13.04,-10.37,-14.74,-11.75,-23.85,-19.58,-24.86,-24.2,-29.43,-35.53,-38.19,-29.67,-48.79,-46.71,-37.61,-33.13,-4.19,9.12,-50.55,-45.19,-111.23,-91.04,-95.7,-102.02,-102.09
1982-04-01,11.35,14.38,10.18,2.22,6.25,-3.24,-1.7,11.36,-7.98,0.42,-14.16,-12.98,-10.37,-14.75,-11.77,-23.69,-19.38,-24.76,-24.14,-29.4,-35.56,-38.2,-29.56,-48.82,-46.69,-37.27,-33.04,-3.17,10.39,-49.68,-44.91,-109.58,-90.81,-95.33,-101.61,-101.78
1982-05-01,11.45,14.47,10.23,2.22,6.23,-3.23,-1.73,11.16,-7.97,0.3,-14.11,-13.02,-10.41,-14.8,-11.82,-23.72,-19.4,-24.85,-24.21,-29.33,-35.59,-38.29,-29.67,-48.83,-46.62,-37.07,-32.89,-2.79,10.72,-50.05,-45.05,-109.54,-91.28,-95.7,-102.02,-102.18
1982-06-01,11.67,14.67,10.37,2.28,6.25,-3.2,-1.74,10.9,-7.96,0.14,-14.17,-13.12,-10.49,-14.91,-11.91,-23.9,-19.57,-25.11,-24.41,-29.29,-35.67,-38.47,-29.97,-48.87,-46.58,-36.91,-32.76,-2.52,10.75,-50.74,-45.27,-110.12,-91.99,-96.32,-102.62,-102.65
1982-07-01,12.0,14.97,10.6,2.42,6.35,-3.1,-1.68,10.52,-7.99,-0.08,-14.28,-13.27,-10.59,-15.02,-11.99,-24.1,-19.78,-25.38,-24.6,-29.25,-35.74,-38.65,-30.29,-48.91,-46.52,-36.75,-32.63,-2.26,10.7,-52.01,-45.79,-111.36,-93.12,-97.32,-103.59,-103.42
1982-08-01,12.32,15.28,10.82,2.55,6.45,-2.99,-1.61,10.18,-8.01,-0.29,-14.4,-13.44,-10.71,-15.15,-12.09,-24.32,-20.01,-25.66,-24.81,-29.23,-35.82,-38.83,-30.61,-48.96,-46.46,-36.6,-32.52,-2.08,10.6,-52.98,-46.18,-112.68,-94.13,-98.24,-104.48,-104.11
1982-09-01,12.45,15.38,10.87,2.55,6.44,-2.98,-1.63,10.09,-8.01,-0.38,-14.54,-13.56,-10.85,-15.32,-12.23,-24.58,-20.29,-25.99,-25.07,-29.29,-35.96,-39.06,-30.98,-49.05,-46.46,-36.54,-32.5,-2.08,10.64,-52.46,-45.87,-113.31,-94.15,-98.29,-104.56,-104.14
1982-10-01,12.37,15.3,10.78,2.49,6.38,-3.01,-1.66,10.2,-7.99,-0.37,-14.64,-13.63,-10.93,-15.42,-12.31,-24.77,-20.49,-26.19,-25.21,-29.32,-36.04,-39.17,-31.21,-49.11,-46.46,-36.54,-32.5,-2.16,10.57,-52.0,-45.46,-113.04,-93.56,-97.88,-104.17,-103.76
1982-11-01,12.26,15.19,10.71,2.47,6.4,-3.0,-1.62,10.38,-7.93,-0.3,-14.55,-13.6,-10.92,-15.4,-12.28,-24.63,-20.36,-26.04,-25.1,-29.34,-36.02,-39.08,-31.04,-49.12,-46.42,-36.55,-32.49,-2.26,10.58,-51.1,-45.2,-112.23,-92.85,-97.36,-103.69,-103.31
1982-12-01,12.17,15.11,10.66,2.49,6.44,-2.95,-1.55,10.58,-7.81,-0.2,-14.31,-13.5,-10.87,-15.29,-12.18,-24.31,-20.04,-25.71,-24.83,-29.28,-35.93,-38.87,-30.67,-49.08,-46.34,-36.31,-32.45,-1.46,11.6,-49.88,-44.8,-110.9,-92.09,-96.8,-103.18,-102.84
1983-01-01,12.1,15.06,10.66,2.55,6.53,-2.84,-1.42,10.8,-7.63,-0.07,-13.9,-13.32,-10.75,-15.08,-11.98,-23.79,-19.51,-25.2,-24.39,-29.13,-35.74,-38.54,-30.11,-48.98,-46.19,-35.98,-32.31,-0.49,12.82,-48.66,-44.3,-109.3,-91.32,-96.21,-102.64,-102.34
1983-02-01,12.07,15.03,10.67,2.63,6.62,-2.72,-1.29,11.03,-7.37,0.08,-13.35,-13.09,-10.58,-14.82,-11.73,-23.13,-18.84,-24.56,-23.86,-28.87,-35.51,-38.14,-29.41,-48.84,-45.98,-35.65,-32.1,0.57,14.15,-47.21,-43.59,-107.25,-90.52,-95.59,-102.08,-101.81
1983-03-01,12.05,15.0,10.63,2.61,6.6,-2.69,-1.3,11.26,-7.06,0.21,-12.84,-12.87,-10.46,-14.66,-11.57,-22.62,-18.3,-24.13,-23.51,-28.67,-35.37,-37.91,-28.93,-48.74,-45.81,-35.38,-31.89,1.69,15.52,-45.63,-42.83,-104.84,-89.69,-94.95,-101.51,-101.21
1983-04-01,12.06,14.99,10.6,2.56,6.59,-2.69,-1.33,11.48,-6.72,0.34,-12.51,-12.71,-10.37,-14.57,-11.49,-22.35,-18.03,-23.95,-23.35,-28.49,-35.26,-37.8,-28.74,-48.64,-45.68,-35.3,-31.7,1.99,16.08,-44.82,-42.31,-102.94,-89.0,-94.34,-100.92,-100.56
1983-05-01,12.24,15.16,10.72,2.63,6.68,-2.61,-1.27,11.38,-6.49,0.32,-12.37,-12.66,-10.32,-14.54,-11.44,-22.29,-17.98,-23.98,-23.35,-28.29,-35.16,-37.78,-28.76,-48.53,-45.57,-35.18,-31.52,2.3,16.3,-45.18,-42.31,-102.63,-89.01,-94.34,-100.96,-100.44
1983-06-01,12.6,15.49,10.96,2.78,6.84,-2.45,-1.14,11.17,-6.29,0.22,-12.34,-12.69,-10.32,-14.57,-11.45,-22.39,-18.1,-24.17,-23.47,-28.12,-35.12,-37.85,-28.96,-48.44,-45.47,-35.03,-31.35,2.59,16.33,-46.08,-42.49,-103.23,-89.43,-94.86,-101.53,-100.68
1983-07-01,13.08,15.94,11.3,3.03,7.09,-2.2,-0.93,10.89,-6.14,0.08,-12.37,-12.76,-10.34,-14.6,-11.45,-22.52,-18.27,-24.39,-23.62,-27.95,-35.06,-37.93,-29.21,-48.35,-45.35,-34.85,-31.18,2.86,16.28,-47.37,-42.89,-104.41,-90.06,-95.6,-102.32,-101.08
1983-08-01,13.54,16.38,11.64,3.28,7.32,-1.94,-0.7,10.67,-6.03,-0.03,-12.43,-12.84,-10.37,-14.66,-11.45,-22.69,-18.48,-24.64,-23.78,-27.83,-35.03,-38.03,-29.48,-48.28,-45.24,-34.68,-31.03,3.04,16.2,-48.3,-43.17,-105.77,-90.5,-96.2,-102.98,-101.41
1983-09-01,13.82,16.63,11.81,3.41,7.44,-1.76,-0.58,10.62,-5.93,-0.06,-12.53,-12.91,-10.43,-14.76,-11.51,-22.92,-18.73,-24.93,-23.99,-27.77,-35.06,-38.17,-29.81,-48.25,-45.18,-34.58,-30.96,3.06,16.17,-47.97,-42.82,-106.67,-90.0,-96.02,-102.95,-101.2
1983-10-01,13.86,16.67,11.82,3.45,7.48,-1.64,-0.49,10.81,-5.81,0.04,-12.59,-12.9,-10.43,-14.79,-11.52,-23.07,-18.91,-25.11,-24.1,-27.7,-35.04,-38.22,-30.01,-48.2,-45.12,-34.54,-30.92,2.98,16.16,-47.27,-42.25,-106.47,-88.91,-95.34,-102.4,-100.58
1983-11-01,13.85,16.67,11.84,3.52,7.58,-1.51,-0.35,11.08,-5.68,0.2,-12.59,-12.83,-10.36,-14.71,-11.43,-23.1,-18.98,-25.12,-24.06,-27.65,-34.94,-38.14,-30.04,-48.1,-45.05,-34.53,-30.89,2.86,16.15,-47.07,-42.13,-106.21,-87.8,-94.57,-101.77,-99.93
1983-12-01,13.85,16.68,11.88,3.63,7.7,-1.35,-0.19,11.36,-5.54,0.38,-12.4,-12.7,-10.25,-14.57,-11.3,-22.88,-18.76,-24.88,-23.85,-27.54,-34.81,-37.93,-29.78,-47.98,-44.95,-34.52,-30.86,2.78,16.17,-46.34,-41.72,-105.63,-86.64,-93.76,-101.11,-99.26
1984-01-01,13.87,16.72,11.96,3.78,7.86,-1.15,0.02,11.66,-5.35,0.59,-12.06,-12.49,-10.07,-14.33,-11.07,-22.44,-18.31,-24.4,-23.45,-27.37,-34.59,-37.59,-29.26,-47.81,-44.8,-34.47,-30.77,2.77,16.28,-45.29,-41.29,-104.54,-85.5,-92.94,-100.44,-98.58
1984-02-01,13.89,16.76,12.04,3.93,8.0,-0.95,0.21,11.96,-5.21,0.8,-11.9,-12.28,-9.87,-14.09,-10.85,-22.22,-18.11,-24.11,-23.15,-27.14,-34.36,-37.31,-28.96,-47.62,-44.68,-34.46,-30.67,2.69,16.3,-44.63,-40.76,-103.68,-84.45,-92.14,-99.75,-97.9
1984-03-01,13.93,16.8,12.08,3.99,8.04,-0.84,0.27,12.19,-5.11,0.98,-11.89,-12.18,-9.76,-14.03,-10.79,-22.26,-18.14,-24.13,-23.15,-27.04,-34.28,-37.29,-29.01,-47.5,-44.65,-34.49,-30.66,2.59,16.25,-44.67,-40.58,-103.79,-83.89,-91.66,-99.38,-97.53
1984-04-01,14.06,16.94,12.19,4.08,8.08,-0.72,0.33,12.2,-5.09,1.02,-11.92,-12.16,-9.72,-14.03,-10.8,-22.38,-18.25,-24.28,-23.27,-26.95,-34.25,-37.35,-29.19,-47.39,-44.64,-34.5,-30.66,2.56,16.15,-44.8,-40.42,-104.29,-83.55,-91.37,-99.18,-97.28
1984-05-01,14.32,17.19,12.4,4.24,8.18,-0.57,0.41,12.07,-5.1,0.98,-12.0,-12.19,-9.71,-14.07,-10.84,-22.54,-18.4,-24.49,-23.45,-26.88,-34.26,-37.47,-29.43,-47.32,-44.62,-34.48,-30.65,2.6,16.0,-45.99,-40.84,-105.25,-83.98,-91.71,-99.57,-97.56
1984-06-01,14.67,17.53,12.67,4.43,8.29,-0.4,0.51,11.88,-5.14,0.9,-12.11,-12.28,-9.76,-14.16,-10.92,-22.75,-18.6,-24.76,-23.69,-26.84,-34.31,-37.64,-29.74,-47.28,-44.63,-34.45,-30.65,2.66,15.85,-46.95,-41.18,-106.45,-84.57,-92.19,-100.09,-97.95
1984-07-01,15.12,17.97,13.02,4.69,8.49,-0.16,0.67,11.55,-5.2,0.74,-12.24,-12.41,-9.82,-14.25,-10.97,-22.94,-18.79,-25.0,-23.88,-26.78,-34.34,-37.79,-30.01,-47.25,-44.6,-34.38,-30.61,2.77,15.63,-48.37,-41.78,-108.04,-85.64,-93.11,-101.02,-98.71
1984-08-01,15.54,18.38,13.36,4.95,8.67,0.07,0.84,11.28,-5.26,0.6,-12.36,-12.53,-9.89,-14.34,-11.03,-23.11,-18.98,-25.21,-24.06,-26.75,-34.38,-37.92,-30.25,-47.24,-44.56,-34.28,-30.55,2.84,15.44,-49.34,-42.19,-109.24,-86.55,-93.89,-101.81,-99.37
1984-09-01,15.81,18.63,13.55,5.1,8.76,0.23,0.93,11.16,-5.31,0.52,-12.51,-12.65,-9.98,-14.46,-11.12,-23.32,-19.2,-25.44,-24.25,-26.76,-34.46,-38.07,-30.5,-47.27,-44.55,-34.23,-30.53,2.78,15.28,-49.51,-42.2,-110.02,-86.9,-94.16,-102.1,-99.63
1984-10-01,15.79,18.61,13.54,5.13,8.78,0.31,0.98,11.39,-5.25,0.62,-12.58,-12.65,-10.01,-14.52,-11.16,-23.45,-19.34,-25.56,-24.34,-26.77,-34.49,-38.13,-30.63,-47.28,-44.54,-34.24,-30.56,2.57,15.2,-48.63,-41.64,-109.46,-86.21,-93.6,-101.59,-99.2
1984-11-01,15.74,18.57,13.54,5.2,8.87,0.42,1.1,11.66,-5.15,0.76,-12.57,-12.59,-9.96,-14.46,-11.11,-23.42,-19.33,-25.49,-24.26,-26.77,-34.43,-38.04,-30.56,-47.24,-44.5,-34.28,-30.57,2.34,15.12,-48.03,-41.34,-108.67,-85.39,-92.94,-100.99,-98.71
1984-12-01,15.7,18.53,13.57,5.31,8.98,0.57,1.24,11.97,-5.04,0.93,-12.53,-12.48,-9.88,-14.35,-11.01,-23.35,-19.27,-25.36,-24.12,-26.71,-34.33,-37.9,-30.42,-47.16,-44.46,-34.32,-30.58,2.14,15.05,-47.64,-41.05,-107.82,-84.56,-92.24,-100.35,-98.17
1985-01-01,15.66,18.51,13.63,5.45,9.14,0.76,1.44,12.29,-4.91,1.13,-12.46,-12.34,-9.74,-14.19,-10.88,-23.23,-19.16,-25.16,-23.94,-26.61,-34.17,-37.7,-30.22,-47.03,-44.4,-34.38,-30.58,1.96,15.0,-47.23,-40.82,-107.01,-83.71,-91.5,-99.67,-97.62
1985-02-01,15.59,18.43,13.64,5.56,9.24,0.9,1.57,12.52,-4.94,1.29,-12.46,-12.2,-9.61,-14.06,-10.82,-23.15,-19.08,-25.0,-23.8,-26.55,-34.06,-37.55,-30.05,-46.96,-44.5,-34.55,-30.64,1.77,14.94,-46.85,-40.55,-106.45,-83.04,-90.9,-99.1,-97.22
1985-03-01,15.57,18.41,13.66,5.62,9.27,0.99,1.62,12.76,-4.86,1.44,-12.46,-12.12,-9.55,-14.05,-10.83,-23.18,-19.09,-25.03,-23.85,-26.51,-34.03,-37.56,-30.09,-46.89,-44.52,-34.65,-30.73,1.6,14.8,-46.79,-40.38,-106.66,-82.53,-90.4,-98.67,-96.87
1985-04-01,15.65,18.49,13.75,5.71,9.31,1.08,1.66,12.73,-4.87,1.43,-12.5,-12.14,-9.56,-14.1,-10.89,-23.27,-19.16,-25.15,-23.99,-26.48,-34.06,-37.65,-30.22,-46.84,-44.57,-34.72,-30.81,1.5,14.65,-46.91,-40.29,-107.27,-82.43,-90.23,-98.55,-96.82
1985-05-01,15.81,18.63,13.89,5.82,9.39,1.18,1.71,12.65,-4.9,1.39,-12.58,-12.19,-9.59,-14.18,-10.97,-23.4,-19.27,-25.31,-24.17,-26.48,-34.11,-37.79,-30.4,-46.82,-44.62,-34.78,-30.89,1.44,14.47,-47.96,-40.73,-108.12,-82.91,-90.54,-98.87,-97.14
1985-06-01,16.07,18.88,14.11,5.98,9.49,1.3,1.77,12.41,-4.98,1.26,-12.69,-12.3,-9.66,-14.29,-11.07,-23.57,-19.42,-25.51,-24.38,-26.51,-34.21,-37.97,-30.63,-46.85,-44.68,-34.82,-30.95,1.45,14.25,-49.03,-41.21,-109.44,-83.76,-91.17,-99.5,-97.75
1985-07-01,16.42,19.21,14.4,6.2,9.65,1.46,1.9,12.09,-5.07,1.08,-12.8,-12.43,-9.74,-14.38,-11.14,-23.71,-19.55,-25.67,-24.53,-26.52,-34.28,-38.11,-30.81,-46.89,-44.71,-34.8,-30.95,1.5,13.99,-50.41,-41.89,-111.02,-84.99,-92.16,-100.45,-98.64
1985-08-01,16.74,19.5,14.66,6.41,9.8,1.62,2.02,11.83,-5.16,0.94,-12.92,-12.56,-9.82,-14.47,-11.21,-23.84,-19.68,-25.82,-24.66,-26.55,-34.36,-38.23,-30.96,-46.94,-44.74,-34.78,-30.94,1.51,13.78,-51.32,-42.36,-112.24,-86.03,-92.99,-101.25,-99.39
1985-09-01,16.88,19.62,14.76,6.48,9.84,1.67,2.04,11.76,-5.22,0.87,-13.05,-12.65,-9.92,-14.59,-11.3,-24.01,-19.84,-25.99,-24.81,-26.64,-34.47,-38.38,-31.14,-47.04,-44.79,-34.8,-30.96,1.38,13.67,-51.24,-42.34,-112.76,-86.34,-93.14,-101.42,-99.63
1985-10-01,16.79,19.52,14.7,6.47,9.84,1.67,2.04,11.96,-5.2,0.96,-13.12,-12.65,-9.95,-14.63,-11.34,-24.11,-19.94,-26.04,-24.86,-26.7,-34.54,-38.43,-31.21,-47.1,-44.84,-34.88,-31.02,1.14,13.54,-50.38,-41.84,-112.2,-85.82,-92.67,-100.94,-99.31
1985-11-01,16.66,19.4,14.66,6.51,9.89,1.72,2.12,12.22,-5.15,1.09,-13.12,-12.58,-9.9,-14.57,-11.28,-24.07,-19.91,-25.94,-24.75,-26.73,-34.49,-38.34,-31.11,-47.1,-44.85,-34.97,-31.06,0.88,13.44,-49.96,-41.65,-111.44,-85.21,-92.09,-100.38,-98.92
1985-12-01,16.55,19.29,14.64,6.57,9.98,1.82,2.24,12.51,-5.06,1.25,-13.03,-12.46,-9.81,-14.45,-11.19,-23.93,-19.77,-25.74,-24.57,-26.7,-34.4,-38.18,-30.89,-47.06,-44.85,-35.07,-31.1,0.65,13.35,-49.37,-41.35,-110.61,-84.51,-91.48,-99.78,-98.48
1986-01-01,16.45,19.21,14.65,6.68,10.1,1.95,2.4,12.81,-4.96,1.44,-12.94,-12.3,-9.67,-14.28,-11.05,-23.76,-19.61,-25.49,-24.34,-26.63,-34.26,-37.97,-30.63,-46.97,-44.83,-35.16,-31.12,0.44,13.28,-48.96,-41.19,-109.79,-83.8,-90.84,-99.16,-98.02
1986-02-01,16.36,19.12,14.66,6.78,10.22,2.09,2.56,13.11,-4.83,1.63,-12.56,-12.1,-9.51,-14.07,-10.87,-23.22,-19.04,-24.93,-23.93,-26.49,-34.09,-37.63,-30.0,-46.85,-44.77,-35.22,-31.11,0.31,13.3,-47.68,-40.72,-108.2,-83.08,-90.2,-98.52,-97.55
1986-03-01,16.26,19.02,14.61,6.79,10.21,2.12,2.56,13.4,-4.67,1.8,-12.23,-11.9,-9.39,-13.93,-10.77,-22.71,-18.55,-24.45,-23.61,-26.4,-33.94,-37.35,-29.37,-46.79,-44.78,-35.07,-31.11,0.98,14.22,-46.25,-40.23,-106.13,-82.41,-89.57,-97.89,-97.08
1986-04-01,16.23,18.99,14.6,6.79,10.19,2.14,2.55,13.58,-4.56,1.94,-12.07,-11.75,-9.27,-13.83,-10.7,-22.4,-18.26,-24.15,-23.42,-26.32,-33.81,-37.16,-28.96,-46.75,-44.78,-35.05,-31.04,1.06,14.38,-45.8,-40.02,-105.36,-82.32,-89.31,-97.62,-96.93
1986-05-01,16.35,19.09,14.7,6.87,10.23,2.21,2.58,13.43,-4.57,1.9,-12.01,-11.7,-9.21,-13.76,-10.65,-22.28,-18.15,-24.03,-23.33,-26.23,-33.72,-37.06,-28.79,-46.7,-44.78,-35.03,-30.97,1.15,14.34,-46.36,-40.25,-105.47,-82.81,-89.62,-97.9,-97.2
1986-06-01,16.6,19.31,14.89,7.0,10.32,2.3,2.64,13.2,-4.59,1.8,-12.04,-11.71,-9.19,-13.76,-10.65,-22.31,-18.19,-24.09,-23.38,-26.17,-33.69,-37.09,-28.84,-46.68,-44.78,-34.99,-30.89,1.25,14.23,-47.4,-40.63,-106.33,-83.67,-90.27,-98.52,-97.72
1986-07-01,16.95,19.63,15.16,7.2,10.47,2.44,2.75,12.91,-4.62,1.67,-12.08,-11.76,-9.19,-13.75,-10.64,-22.38,-18.26,-24.19,-23.44,-26.11,-33.67,-37.13,-28.95,-46.67,-44.75,-34.91,-30.79,1.37,14.06,-48.67,-41.19,-107.71,-84.84,-91.22,-99.41,-98.46
1986-08-01,17.29,19.95,15.43,7.4,10.62,2.58,2.88,12.62,-4.65,1.54,-12.14,-11.82,-9.21,-13.77,-10.64,-22.47,-18.37,-24.31,-23.51,-26.06,-33.66,-37.19,-29.1,-46.68,-44.7,-34.81,-30.69,1.46,13.88,-49.7,-41.67,-109.21,-85.98,-92.15,-100.28,-99.19
1986-09-01,17.45,20.08,15.52,7.46,10.67,2.63,2.9,12.56,-4.65,1.51,-12.22,-11.86,-9.25,-13.83,-10.69,-22.62,-18.53,-24.5,-23.65,-26.08,-33.71,-37.31,-29.32,-46.72,-44.7,-34.76,-30.65,1.39,13.8,-49.61,-41.58,-109.89,-86.24,-92.28,-100.38,-99.28
1986-10-01,17.38,19.99,15.45,7.44,10.65,2.62,2.91,12.72,-4.6,1.6,-12.25,-11.82,-9.24,-13.83,-10.68,-22.71,-18.62,-24.58,-23.68,-26.08,-33.71,-37.33,-29.43,-46.74,-44.68,-34.77,-30.65,1.22,13.73,-49.01,-41.2,-109.7,-85.94,-91.98,-100.14,-99.06
1986-11-01,17.2,19.79,15.32,7.37,10.61,2.55,2.89,12.85,-4.75,1.65,-12.37,-11.77,-9.23,-13.81,-10.73,-22.79,-18.7,-24.58,-23.67,-26.45,-33.75,-37.33,-29.43,-46.87,-44.98,-35.11,-30.79,0.93,13.53,-48.91,-41.5,-109.45,-85.48,-91.66,-99.73,-98.72
1986-12-01,17.08,19.68,15.28,7.41,10.67,2.6,2.98,13.11,-4.66,1.81,-12.34,-11.66,-9.13,-13.69,-10.62,-22.76,-18.67,-24.49,-23.55,-26.33,-33.65,-37.21,-29.36,-46.81,-44.93,-35.16,-30.81,0.74,13.48,-48.4,-41.12,-109.09,-84.82,-91.11,-99.18,-98.26
1987-01-01,16.98,19.6,15.27,7.5,10.78,2.71,3.13,13.39,-4.53,2.0,-12.22,-11.51,-8.98,-13.51,-10.47,-22.6,-18.53,-24.3,-23.36,-26.2,-33.49,-37.01,-29.18,-46.7,-44.86,-35.21,-30.82,0.57,13.43,-47.94,-40.82,-108.7,-84.13,-90.52,-98.6,-97.78
1987-02-01,16.88,19.52,15.27,7.58,10.89,2.82,3.26,13.67,-4.38,2.19,-12.06,-11.34,-8.82,-13.34,-10.32,-22.41,-18.34,-24.09,-23.16,-26.02,-33.33,-36.82,-28.98,-46.58,-44.8,-35.27,-30.84,0.41,13.4,-47.35,-40.38,-108.23,-83.42,-89.91,-98.0,-97.27
1987-03-01,16.79,19.43,15.22,7.57,10.87,2.83,3.27,13.88,-4.29,2.34,-12.0,-11.24,-8.74,-13.3,-10.3,-22.4,-18.29,-24.1,-23.19,-25.97,-33.3,-36.83,-29.0,-46.51,-44.81,-35.36,-30.93,0.25,13.33,-47.24,-40.26,-108.48,-82.98,-89.36,-97.42,-96.78
1987-04-01,16.82,19.46,15.26,7.61,10.88,2.88,3.28,13.84,-4.27,2.34,-11.99,-11.23,-8.73,-13.32,-10.33,-22.46,-18.33,-24.2,-23.3,-25.93,-33.32,-36.92,-29.13,-46.46,-44.84,-35.41,-30.99,0.17,13.18,-47.37,-40.19,-109.14,-83.06,-89.39,-97.48,-96.86
1987-05-01,16.95,19.59,15.38,7.69,10.93,2.93,3.31,13.71,-4.28,2.29,-12.03,-11.27,-8.74,-13.38,-10.39,-22.57,-18.42,-24.36,-23.46,-25.91,-33.36,-37.05,-29.32,-46.45,-44.87,-35.45,-31.05,0.15,12.99,-48.49,-40.69,-110.05,-83.68,-89.85,-97.91,-97.25
1987-06-01,17.17,19.8,15.55,7.8,11.01,2.99,3.34,13.48,-4.32,2.18,-12.1,-11.36,-8.8,-13.48,-10.48,-22.73,-18.56,-24.58,-23.67,-25.93,-33.46,-37.24,-29.57,-46.48,-44.92,-35.47,-31.09,0.16,12.79,-49.49,-41.16,-111.23,-84.57,-90.54,-98.57,-97.85
1987-07-01,17.45,20.07,15.78,7.95,11.12,3.09,3.42,13.21,-4.36,2.04,-12.18,-11.47,-8.86,-13.57,-10.54,-22.87,-18.69,-24.77,-23.85,-25.94,-33.54,-37.4,-29.79,-46.52,-44.95,-35.44,-31.09,0.2,12.58,-50.63,-41.73,-112.46,-85.69,-91.46,-99.42,-98.61
1987-08-01,17.72,20.33,15.99,8.1,11.24,3.19,3.5,12.93,-4.4,1.89,-12.27,-11.59,-8.94,-13.65,-10.6,-23.0,-18.81,-24.93,-23.99,-25.96,-33.62,-37.54,-29.98,-46.59,-44.95,-35.39,-31.07,0.22,12.36,-51.59,-42.24,-113.51,-86.79,-92.37,-100.28,-99.38
1987-09-01,17.83,20.43,16.06,8.14,11.25,3.21,3.51,12.81,-4.42,1.81,-12.36,-11.69,-9.03,-13.77,-10.69,-23.16,-18.97,-25.12,-24.16,-26.03,-33.73,-37.71,-30.19,-46.68,-44.98,-35.37,-31.08,0.12,12.19,-51.63,-42.31,-114.12,-87.32,-92.77,-100.63,-99.74
1987-10-01,17.71,20.3,15.96,8.08,11.22,3.16,3.49,12.97,-4.38,1.88,-12.41,-11.69,-9.07,-13.82,-10.73,-23.25,-19.06,-25.19,-24.22,-26.09,-33.8,-37.77,-30.28,-46.75,-45.01,-35.42,-31.12,-0.12,12.07,-50.77,-41.83,-113.48,-86.89,-92.4,-100.23,-99.45
1987-11-01,17.55,20.15,15.88,8.07,11.24,3.17,3.54,13.2,-4.34,2.01,-12.4,-11.62,-9.02,-13.75,-10.68,-23.23,-19.04,-25.11,-24.12,-26.17,-33.77,-37.7,-30.21,-46.77,-45.09,-35.53,-31.16,-0.37,11.95,-50.58,-41.97,-112.69,-86.63,-92.18,-100.03,-99.34
1987-12-01,17.4,20.02,15.82,8.09,11.29,3.21,3.62,13.46,-4.25,2.16,-12.34,-11.51,-8.94,-13.65,-10.6,-23.14,-18.96,-24.97,-23.99,-26.16,-33.7,-37.58,-30.06,-46.75,-45.08,-35.62,-31.2,-0.61,11.86,-50.05,-41.66,-111.87,-86.02,-91.67,-99.52,-98.95
1988-01-01,17.27,19.9,15.79,8.15,11.39,3.3,3.75,13.74,-4.13,2.33,-12.21,-11.36,-8.8,-13.48,-10.46,-22.95,-18.77,-24.72,-23.76,-26.1,-33.57,-37.38,-29.8,-46.67,-45.04,-35.69,-31.22,-0.81,11.8,-49.51,-41.41,-111.03,-85.39,-91.12,-98.97,-98.53
1988-02-01,17.11,19.76,15.75,8.21,11.45,3.39,3.86,13.95,-4.1,2.48,-12.16,-11.22,-8.67,-13.32,-10.35,-22.83,-18.64,-24.51,-23.58,-26.03,-33.45,-37.21,-29.6,-46.6,-45.08,-35.84,-31.29,-1.01,11.72,-49.12,-41.08,-110.39,-84.79,-90.58,-98.42,-98.11
1988-03-01,16.37,19.12,15.29,7.92,11.18,3.09,3.63,13.94,-4.44,2.44,-12.39,-11.24,-8.75,-13.45,-10.59,-23.08,-18.8,-24.66,-23.8,-26.51,-33.68,-37.44,-29.78,-46.85,-45.53,-36.36,-31.63,-1.36,11.33,-49.57,-41.66,-111.51,-84.88,-90.58,-98.37,-98.18
1988-04-01,16.2,18.95,15.13,7.76,11.03,2.93,3.47,13.91,-4.48,2.37,-12.49,-11.29,-8.83,-13.59,-10.75,-23.25,-18.93,-24.86,-24.03,-26.57,-33.83,-37.63,-29.99,-46.93,-45.69,-36.61,-31.96,-1.85,11.01,-49.11,-41.28,-111.35,-84.34,-90.11,-97.89,-97.83
1988-05-01,15.26,18.15,14.48,7.26,10.61,2.37,3.06,13.53,-5.1,2.03,-12.98,-11.52,-9.12,-13.94,-11.3,-23.81,-19.34,-25.3,-24.64,-27.79,-34.4,-38.23,-30.48,-47.6,-46.67,-37.78,-33.03,-2.97,9.96,-51.06,-43.45,-113.33,-85.29,-90.9,-98.6,-98.59
1988-06-01,14.32,17.34,13.8,6.68,10.11,1.68,2.53,12.98,-5.82,1.55,-13.59,-11.87,-9.53,-14.43,-11.99,-24.49,-19.88,-25.89,-25.42,-28.92,-35.12,-38.98,-31.13,-48.39,-47.74,-39.03,-34.28,-4.45,8.6,-52.61,-45.11,-115.41,-86.35,-91.84,-99.43,-99.46
1988-07-01,13.1,16.29,12.91,5.93,9.5,0.79,1.89,12.15,-6.82,0.84,-14.4,-12.37,-10.1,-15.06,-12.91,-25.35,-20.55,-26.6,-26.39,-30.48,-36.05,-39.93,-31.89,-49.49,-49.21,-40.75,-35.98,-6.48,6.66,-54.73,-47.31,-117.95,-88.02,-93.37,-100.81,-100.82
1988-08-01,12.0,15.32,12.07,5.15,8.84,-0.18,1.17,11.38,-7.79,0.15,-15.24,-12.9,-10.68,-15.7,-13.78,-26.21,-21.26,-27.32,-27.33,-31.66,-36.97,-40.86,-32.67,-50.53,-50.51,-42.26,-37.47,-8.29,4.94,-56.25,-48.84,-120.16,-89.44,-94.67,-101.98,-102.01
1988-09-01,11.11,14.52,11.35,4.44,8.24,-1.03,0.5,10.85,-8.52,-0.38,-15.93,-13.41,-11.21,-16.3,-14.46,-26.95,-21.91,-28.0,-28.08,-32.14,-37.73,-41.62,-33.4,-51.27,-51.34,-43.22,-38.47,-9.59,3.75,-56.78,-49.36,-121.47,-90.17,-95.3,-102.55,-102.65
1988-10-01,10.98,14.33,11.12,4.11,7.96,-1.44,0.14,10.77,-8.71,-0.54,-16.25,-13.71,-11.5,-16.63,-14.75,-27.29,-22.26,-28.35,-28.41,-31.87,-38.07,-41.96,-33.78,-51.52,-51.51,-43.4,-38.64,-9.97,3.4,-56.48,-48.91,-121.23,-90.1,-95.22,-102.5,-102.68
1988-11-01,10.92,14.24,11.01,3.94,7.84,-1.62,-0.01,10.87,-8.77,-0.58,-16.44,-13.9,-11.65,-16.79,-14.86,-27.46,-22.46,-28.51,-28.52,-31.82,-38.25,-42.12,-33.94,-51.69,-51.67,-43.6,-38.77,-10.26,3.14,-56.25,-48.8,-120.67,-89.55,-94.78,-102.07,-102.36
1988-12-01,10.89,14.19,10.94,3.84,7.78,-1.71,-0.09,11.02,-8.71,-0.55,-16.48,-14.0,-11.73,-16.86,-14.87,-27.46,-22.51,-28.53,-28.51,-31.63,-38.29,-42.15,-33.97,-51.73,-51.69,-43.7,-38.81,-10.52,2.96,-55.47,-48.06,-119.94,-88.94,-94.26,-101.58,-101.99
1989-01-01,10.89,14.17,10.91,3.81,7.77,-1.72,-0.09,11.19,-8.62,-0.48,-16.42,-14.03,-11.74,-16.83,-14.8,-27.35,-22.44,-28.43,-28.39,-31.44,-38.25,-42.08,-33.86,-51.7,-51.67,-43.77,-38.82,-10.73,2.83,-54.76,-47.46,-119.08,-88.34,-93.72,-101.05,-101.59
1989-02-01,10.89,14.15,10.89,3.79,7.76,-1.71,-0.08,11.37,-8.51,-0.4,-16.35,-14.03,-11.72,-16.78,-14.73,-27.24,-22.36,-28.33,-28.27,-31.25,-38.19,-42.01,-33.75,-51.64,-51.66,-43.85,-38.82,-10.93,2.71,-54.37,-47.01,-118.29,-87.76,-93.15,-100.51,-101.16
1989-03-01,10.88,14.11,10.82,3.68,7.65,-1.78,-0.2,11.52,-8.45,-0.34,-16.32,-14.07,-11.77,-16.87,-14.78,-27.25,-22.37,-28.41,-28.35,-31.21,-38.25,-42.11,-33.83,-51.65,-51.72,-43.96,-38.88,-11.13,2.58,-53.81,-46.6,-117.99,-87.36,-92.69,-100.01,-100.83
1989-04-01,10.6,13.87,10.59,3.45,7.42,-2.02,-0.44,11.31,-8.68,-0.52,-16.49,-14.25,-11.95,-17.09,-15.02,-27.45,-22.55,-28.66,-28.63,-31.46,-38.46,-42.4,-34.1,-51.83,-52.05,-44.34,-39.24,-11.57,2.12,-54.08,-46.85,-118.56,-87.59,-92.82,-100.14,-100.99
1989-05-01,10.54,13.81,10.49,3.29,7.25,-2.23,-0.64,11.0,-8.9,-0.75,-16.71,-14.46,-12.14,-17.32,-15.26,-27.73,-22.79,-28.97,-28.96,-31.77,-38.72,-42.73,-34.43,-52.06,-52.37,-44.69,-39.55,-11.93,1.66,-55.3,-47.68,-119.37,-88.34,-93.41,-100.68,-101.53
1989-06-01,10.52,13.79,10.4,3.12,7.08,-2.46,-0.87,10.59,-9.19,-1.06,-16.99,-14.74,-12.4,-17.61,-15.57,-28.08,-23.11,-29.36,-29.37,-32.11,-39.05,-43.15,-34.85,-52.36,-52.74,-45.05,-39.9,-12.33,1.1,-56.4,-48.44,-120.61,-89.34,-94.25,-101.46,-102.29
1989-07-01,10.4,13.69,10.27,2.93,6.89,-2.75,-1.11,10.0,-9.61,-1.48,-17.36,-15.08,-12.72,-17.95,-15.95,-28.49,-23.48,-29.78,-29.84,-32.67,-39.45,-43.62,-35.3,-52.8,-53.27,-45.59,-40.42,-12.94,0.29,-57.76,-49.39,-122.27,-90.79,-95.53,-102.65,-103.4
1989-08-01,10.28,13.58,10.11,2.7,6.68,-3.08,-1.38,9.48,-10.02,-1.89,-17.74,-15.42,-13.05,-18.3,-16.33,-28.91,-23.86,-30.2,-30.28,-33.12,-39.86,-44.08,-35.74,-53.24,-53.74,-46.05,-40.87,-13.5,-0.43,-58.76,-50.18,-123.65,-92.02,-96.62,-103.66,-104.37
1989-09-01,10.19,13.48,9.96,2.47,6.44,-3.38,-1.66,9.21,-10.27,-2.14,-18.04,-15.72,-13.33,-18.61,-16.6,-29.27,-24.21,-30.59,-30.64,-33.24,-40.19,-44.45,-36.15,-53.53,-53.96,-46.23,-41.07,-13.84,-0.75,-58.82,-50.29,-124.18,-92.41,-96.9,-103.91,-104.67
1989-10-01,10.13,13.38,9.82,2.28,6.28,-3.57,-1.85,9.27,-10.32,-2.18,-18.19,-15.88,-13.5,-18.8,-16.73,-29.45,-24.42,-30.79,-30.8,-33.21,-40.37,-44.63,-36.36,-53.68,-54.03,-46.29,-41.11,-14.05,-0.91,-58.28,-50.03,-123.67,-91.96,-96.55,-103.56,-104.44
1989-11-01,10.04,13.25,9.68,2.12,6.15,-3.73,-1.97,9.34,-10.46,-2.19,-18.32,-15.98,-13.59,-18.86,-16.79,-29.53,-24.53,-30.84,-30.82,-33.31,-40.43,-44.66,-36.41,-53.78,-54.18,-46.45,-41.18,-14.26,-1.03,-58.1,-50.15,-123.05,-91.83,-96.43,-103.46,-104.41
1989-12-01,9.95,13.12,9.57,2.04,6.07,-3.8,-2.04,9.41,-10.48,-2.18,-18.37,-16.03,-13.63,-18.88,-16.79,-29.54,-24.57,-30.82,-30.77,-33.3,-40.45,-44.64,-36.39,-53.85,-54.21,-46.52,-41.19,-14.45,-1.13,-57.67,-49.76,-122.38,-91.28,-95.98,-103.03,-104.08
1990-01-01,9.9,13.06,9.53,2.02,6.08,-3.78,-2.02,9.56,-10.41,-2.13,-18.35,-16.02,-13.62,-18.83,-16.73,-29.46,-24.54,-30.73,-30.64,-33.22,-40.38,-44.54,-36.28,-53.82,-54.19,-46.57,-41.19,-14.6,-1.2,-57.13,-49.38,-121.7,-90.7,-95.49,-102.56,-103.71
1990-02-01,9.86,13.01,9.5,2.02,6.07,-3.75,-2.0,9.71,-10.34,-2.06,-18.29,-15.99,-13.6,-18.77,-16.66,-29.35,-24.46,-30.61,-30.52,-33.1,-40.31,-44.43,-36.14,-53.78,-54.16,-46.62,-41.19,-14.74,-1.26,-56.61,-48.94,-121.03,-90.16,-95.0,-102.07,-103.32
1990-03-01,9.43,12.62,9.18,1.77,5.81,-3.98,-2.23,9.65,-10.58,-2.14,-18.51,-16.1,-13.73,-18.95,-16.87,-29.58,-24.64,-30.8,-30.73,-33.46,-40.5,-44.63,-36.34,-53.94,-54.48,-46.97,-41.42,-14.96,-1.53,-56.58,-49.11,-121.64,-90.24,-94.97,-101.97,-103.35
1990-04-01,9.04,12.27,8.86,1.46,5.52,-4.3,-2.53,9.36,-10.88,-2.41,-18.74,-16.3,-13.96,-19.21,-17.18,-29.87,-24.89,-31.12,-31.1,-33.73,-40.77,-44.97,-36.68,-54.19,-54.84,-47.38,-41.94,-15.58,-2.01,-56.97,-49.38,-121.83,-90.34,-95.0,-102.0,-103.42
1990-05-01,8.79,12.03,8.6,1.18,5.23,-4.61,-2.83,9.08,-11.18,-2.67,-19.05,-16.54,-14.22,-19.52,-17.53,-30.24,-25.21,-31.5,-31.52,-34.27,-41.13,-45.38,-37.07,-54.51,-55.28,-47.87,-42.39,-16.07,-2.57,-57.81,-50.19,-122.81,-90.64,-95.21,-102.15,-103.58
1990-06-01,8.24,11.54,8.14,0.74,4.82,-5.12,-3.27,8.5,-11.77,-3.15,-19.55,-16.92,-14.63,-19.98,-18.1,-30.8,-25.69,-32.04,-32.18,-35.15,-41.7,-46.01,-37.64,-55.12,-56.08,-48.76,-43.29,-17.04,-3.59,-59.21,-51.42,-124.41,-91.87,-96.32,-103.18,-104.59
1990-07-01,7.57,10.95,7.61,0.23,4.38,-5.74,-3.77,7.75,-12.52,-3.78,-20.18,-17.39,-15.12,-20.51,-18.79,-31.46,-26.24,-32.63,-32.93,-36.25,-42.39,-46.75,-38.26,-55.91,-57.09,-49.88,-44.39,-18.31,-4.92,-60.81,-52.91,-125.83,-93.4,-97.73,-104.47,-105.82
1990-08-01,6.93,10.38,7.08,-0.31,3.9,-6.41,-4.31,7.04,-13.26,-4.39,-20.83,-17.89,-15.64,-21.06,-19.47,-32.13,-26.83,-33.23,-33.65,-37.15,-43.09,-47.47,-38.9,-56.69,-58.01,-50.88,-45.39,-19.48,-6.13,-61.96,-54.13,-127.77,-94.74,-98.97,-105.61,-106.92
1990-09-01,6.41,9.9,6.6,-0.83,3.43,-7.02,-4.83,6.54,-13.81,-4.86,-21.37,-18.34,-16.11,-21.57,-20.0,-32.72,-27.37,-33.8,-34.24,-37.47,-43.67,-48.06,-39.49,-57.24,-58.58,-51.48,-46.03,-20.29,-6.86,-62.5,-54.55,-128.72,-95.36,-99.53,-106.15,-107.5
1990-10-01,6.35,9.79,6.44,-1.09,3.21,-7.32,-5.12,6.47,-13.94,-5.01,-21.63,-18.62,-16.37,-21.85,-20.21,-32.99,-27.68,-34.1,-34.48,-37.31,-43.94,-48.32,-39.8,-57.45,-58.67,-51.56,-46.1,-20.51,-7.06,-62.14,-54.24,-128.17,-95.18,-99.39,-106.1,-107.51
1990-11-01,6.28,9.69,6.3,-1.28,3.04,-7.54,-5.29,6.48,-14.1,-5.11,-21.86,-18.82,-16.56,-22.03,-20.35,-33.17,-27.89,-34.24,-34.6,-37.53,-44.12,-48.48,-39.93,-57.66,-58.99,-51.9,-46.27,-20.79,-7.32,-62.04,-54.45,-127.62,-94.78,-99.15,-105.81,-107.27
1990-12-01,6.22,9.57,6.18,-1.42,2.91,-7.67,-5.43,6.46,-14.17,-5.22,-21.99,-18.98,-16.73,-22.17,-20.48,-33.25,-28.01,-34.32,-34.65,-37.48,-44.23,-48.55,-40.0,-57.79,-59.05,-51.98,-46.33,-21.0,-7.49,-61.77,-54.2,-126.93,-94.26,-98.73,-105.41,-106.96
1991-01-01,6.2,9.53,6.13,-1.47,2.87,-7.7,-5.46,6.55,-14.13,-5.22,-22.02,-19.06,-16.78,-22.18,-20.46,-33.22,-28.04,-34.3,-34.58,-37.35,-44.21,-48.5,-39.96,-57.8,-59.02,-52.02,-46.32,-21.14,-7.56,-61.44,-53.98,-126.3,-93.74,-98.26,-104.97,-106.6
1991-02-01,6.19,9.5,6.09,-1.5,2.83,-7.71,-5.48,6.66,-14.08,-5.2,-21.98,-19.1,-16.81,-22.19,-20.42,-33.13,-27.99,-34.22,-34.49,-37.22,-44.18,-48.43,-39.87,-57.79,-59.0,-52.06,-46.32,-21.27,-7.63,-60.92,-53.62,-125.58,-93.17,-97.77,-104.51,-106.22
1991-03-01,6.16,9.44,6.0,-1.63,2.75,-7.8,-5.6,6.77,-14.03,-5.19,-21.82,-19.15,-16.9,-22.28,-20.48,-32.9,-27.78,-34.08,-34.44,-37.22,-44.24,-48.42,-39.64,-57.84,-59.03,-52.09,-46.36,-21.34,-7.63,-59.92,-53.26,-124.31,-92.73,-97.32,-104.05,-105.83
1991-04-01,6.24,9.49,5.99,-1.72,2.71,-7.86,-5.7,6.63,-14.05,-5.3,-21.78,-19.25,-17.0,-22.37,-20.54,-32.77,-27.69,-34.04,-34.44,-37.2,-44.26,-48.43,-39.51,-57.89,-59.06,-52.11,-46.35,-21.35,-7.7,-59.48,-52.96,-124.18,-92.86,-97.36,-104.12,-105.92
1991-05-01,6.44,9.66,6.08,-1.72,2.75,-7.87,-5.74,6.36,-14.09,-5.48,-21.8,-19.39,-17.11,-22.49,-20.61,-32.74,-27.71,-34.1,-34.5,-37.18,-44.31,-48.49,-39.5,-57.95,-59.09,-52.08,-46.3,-21.27,-7.8,-59.87,-52.95,-124.54,-93.49,-97.84,-104.58,-106.33
1991-06-01,6.73,9.92,6.24,-1.69,2.8,-7.86,-5.77,6.02,-14.15,-5.7,-21.88,-19.58,-17.26,-22.64,-20.72,-32.82,-27.82,-34.27,-34.65,-37.19,-44.39,-48.63,-39.64,-58.03,-59.12,-52.01,-46.24,-21.14,-7.91,-60.4,-53.07,-125.41,-94.38,-98.58,-105.29,-106.96
1991-07-01,7.11,10.26,6.47,-1.58,2.89,-7.78,-5.73,5.55,-14.24,-6.0,-21.97,-19.79,-17.43,-22.79,-20.81,-32.9,-27.96,-34.45,-34.79,-37.18,-44.46,-48.76,-39.79,-58.12,-59.12,-51.88,-46.13,-20.95,-8.07,-61.4,-53.4,-126.6,-95.74,-99.75,-106.4,-107.93
1991-08-01,7.45,10.57,6.67,-1.5,2.95,-7.71,-5.71,5.16,-14.31,-6.25,-22.07,-20.0,-17.59,-22.94,-20.91,-33.01,-28.12,-34.65,-34.93,-37.18,-44.53,-48.9,-39.98,-58.21,-59.1,-51.74,-46.02,-20.8,-8.19,-62.05,-53.71,-127.5,-96.86,-100.74,-107.33,-108.75
1991-09-01,7.64,10.72,6.74,-1.51,2.91,-7.7,-5.77,4.86,-14.39,-6.46,-22.19,-20.21,-17.78,-23.13,-21.03,-33.16,-28.31,-34.89,-35.11,-37.23,-44.64,-49.07,-40.21,-58.34,-59.1,-51.62,-45.94,-20.74,-8.27,-62.28,-53.89,-128.25,-97.51,-101.3,-107.86,-109.23
1991-10-01,7.56,10.62,6.62,-1.63,2.79,-7.78,-5.86,4.89,-14.38,-6.51,-22.27,-20.3,-17.91,-23.24,-21.11,-33.27,-28.46,-35.03,-35.2,-37.28,-44.71,-49.15,-40.35,-58.44,-59.1,-51.58,-45.9,-20.84,-8.3,-61.71,-53.78,-127.81,-97.14,-101.04,-107.6,-109.03
1991-11-01,7.37,10.4,6.43,-1.78,2.65,-7.9,-5.95,4.93,-14.55,-6.52,-22.39,-20.35,-17.97,-23.28,-21.14,-33.34,-28.56,-35.05,-35.16,-37.53,-44.76,-49.14,-40.35,-58.58,-59.28,-51.69,-45.93,-21.03,-8.44,-61.79,-54.2,-127.35,-97.09,-101.04,-107.6,-109.07
1991-12-01,7.25,10.28,6.35,-1.83,2.6,-7.93,-5.98,5.04,-14.53,-6.5,-22.41,-20.36,-17.99,-23.26,-21.1,-33.34,-28.59,-35.01,-35.08,-37.52,-44.73,-49.07,-40.31,-58.61,-59.26,-51.7,-45.91,-21.13,-8.44,-61.43,-54.06,-126.83,-96.59,-100.66,-107.24,-108.77
1992-01-01,7.14,10.17,6.29,-1.84,2.59,-7.9,-5.95,5.17,-14.48,-6.45,-22.37,-20.32,-17.96,-23.18,-21.03,-33.24,-28.53,-34.89,-34.94,-37.46,-44.65,-48.93,-40.18,-58.59,-59.21,-51.71,-45.89,-21.21,-8.43,-61.05,-53.85,-126.26,-96.06,-100.24,-106.83,-108.44
1992-02-01,7.04,10.07,6.23,-1.85,2.57,-7.87,-5.93,5.31,-14.41,-6.38,-22.21,-20.26,-17.92,-23.1,-20.94,-33.03,-28.33,-34.69,-34.75,-37.38,-44.55,-48.77,-39.96,-58.55,-59.15,-51.71,-45.87,-21.27,-8.39,-60.44,-53.56,-125.45,-95.54,-99.81,-106.41,-108.09
1992-03-01,6.92,9.95,6.11,-1.96,2.43,-7.94,-6.05,5.44,-14.36,-6.35,-22.14,-20.25,-17.95,-23.15,-20.99,-33.0,-28.3,-34.72,-34.79,-37.41,-44.59,-48.81,-39.98,-58.58,-59.17,-51.76,-45.92,-21.35,-8.38,-60.08,-53.35,-124.99,-95.15,-99.41,-105.98,-107.72
1992-04-01,6.43,9.51,5.75,-2.26,2.12,-8.25,-6.35,5.21,-14.7,-6.57,-22.38,-20.41,-18.16,-23.39,-21.29,-33.28,-28.51,-34.97,-35.09,-37.86,-44.86,-49.1,-40.24,-58.84,-59.58,-52.19,-46.25,-21.73,-8.79,-60.11,-53.59,-125.66,-95.41,-99.58,-106.12,-107.93
1992-05-01,5.84,8.99,5.3,-2.66,1.74,-8.68,-6.73,4.67,-15.22,-7.0,-22.8,-20.69,-18.48,-23.75,-21.78,-33.75,-28.9,-35.41,-35.64,-38.7,-45.31,-49.61,-40.71,-59.34,-60.28,-53.0,-47.15,-22.57,-9.58,-61.22,-54.66,-126.92,-96.33,-100.39,-106.87,-108.65
1992-06-01,5.26,8.48,4.84,-3.09,1.32,-9.18,-7.18,4.09,-15.8,-7.48,-23.3,-21.06,-18.87,-24.19,-22.33,-34.32,-29.38,-35.96,-36.28,-39.48,-45.86,-50.22,-41.29,-59.92,-61.0,-53.8,-47.96,-23.44,-10.48,-62.34,-55.63,-128.42,-97.42,-101.37,-107.77,-109.51
1992-07-01,4.6,7.91,4.33,-3.58,0.88,-9.74,-7.65,3.4,-16.48,-8.05,-23.9,-21.5,-19.33,-24.7,-22.98,-34.97,-29.94,-36.55,-36.99,-40.42,-46.51,-50.91,-41.92,-60.63,-61.88,-54.76,-48.92,-24.55,-11.66,-63.52,-56.9,-130.18,-98.86,-102.7,-108.99,-110.66
1992-08-01,3.85,7.25,3.73,-4.15,0.36,-10.41,-8.21,2.61,-17.26,-8.72,-24.57,-22.01,-19.87,-25.27,-23.7,-35.68,-30.55,-37.21,-37.78,-41.38,-47.23,-51.67,-42.61,-61.45,-62.86,-55.82,-50.0,-25.79,-12.93,-64.76,-58.12,-131.77,-100.34,-104.09,-110.28,-111.87
1992-09-01,3.25,6.7,3.21,-4.69,-0.14,-11.03,-8.75,2.07,-17.84,-9.22,-25.14,-22.48,-20.36,-25.81,-24.27,-36.31,-31.13,-37.82,-38.42,-41.79,-47.84,-52.31,-43.26,-62.05,-63.47,-56.46,-50.7,-26.62,-13.73,-65.47,-58.68,-132.92,-101.08,-104.78,-110.93,-112.52
1992-10-01,3.14,6.56,3.03,-4.95,-0.39,-11.32,-9.04,2.01,-17.98,-9.37,-25.43,-22.77,-20.63,-26.1,-24.5,-36.63,-31.48,-38.16,-38.69,-41.64,-48.12,-52.58,-43.62,-62.26,-63.55,-56.52,-50.77,-26.81,-13.88,-65.39,-58.5,-132.52,-100.75,-104.54,-110.7,-112.36
1992-11-01,3.05,6.44,2.89,-5.12,-0.54,-11.51,-9.21,2.06,-18.07,-9.44,-25.59,-22.95,-20.79,-26.25,-24.59,-36.77,-31.67,-38.3,-38.77,-41.61,-48.25,-52.69,-43.77,-62.37,-63.65,-56.6,-50.8,-26.96,-13.96,-65.41,-58.55,-131.89,-100.45,-104.35,-110.6,-112.32
1992-12-01,3.0,6.37,2.8,-5.23,-0.63,-11.61,-9.31,2.14,-18.05,-9.46,-25.49,-23.05,-20.89,-26.31,-24.6,-36.58,-31.51,-38.15,-38.65,-41.52,-48.3,-52.64,-43.58,-62.43,-63.62,-56.62,-50.8,-27.05,-13.97,-64.66,-58.23,-130.8,-99.9,-103.93,-110.23,-112.01
1993-01-01,2.97,6.32,2.75,-5.28,-0.67,-11.65,-9.34,2.24,-17.91,-9.45,-25.08,-23.02,-20.91,-26.22,-24.46,-36.04,-30.97,-37.66,-38.23,-41.35,-48.22,-52.38,-43.01,-62.42,-63.51,-56.31,-50.7,-26.18,-12.9,-63.24,-57.78,-128.87,-99.32,-103.48,-109.82,-111.67
1993-02-01,2.96,6.29,2.71,-5.31,-0.71,-11.66,-9.36,2.36,-17.7,-9.41,-24.74,-22.94,-20.87,-26.07,-24.29,-35.57,-30.55,-37.21,-37.82,-41.1,-48.07,-52.11,-42.51,-62.36,-63.36,-55.9,-50.49,-25.16,-11.62,-61.92,-57.14,-126.69,-98.73,-103.01,-109.38,-111.29
1993-03-01,2.94,6.25,2.63,-5.44,-0.72,-11.76,-9.44,2.48,-17.52,-9.39,-24.48,-22.91,-20.88,-26.07,-24.25,-35.23,-30.26,-36.97,-37.63,-40.98,-48.0,-51.97,-42.16,-62.36,-63.27,-55.69,-50.29,-24.6,-10.43,-60.85,-56.55,-124.6,-98.23,-102.56,-108.93,-110.9
1993-04-01,3.02,6.29,2.62,-5.53,-0.69,-11.83,-9.5,2.47,-17.44,-9.39,-24.4,-22.94,-20.92,-26.12,-24.27,-35.08,-30.18,-36.93,-37.6,-40.87,-47.96,-51.94,-42.04,-62.36,-63.21,-55.56,-50.13,-24.34,-10.07,-60.43,-56.17,-123.96,-98.19,-102.45,-108.82,-110.83
1993-05-01,3.21,6.45,2.69,-5.54,-0.62,-11.85,-9.52,2.26,-17.37,-9.54,-24.4,-23.03,-21.0,-26.21,-24.33,-35.1,-30.25,-37.06,-37.69,-40.79,-47.96,-51.99,-42.12,-62.36,-63.16,-55.44,-49.99,-24.09,-9.82,-60.41,-55.95,-124.0,-98.39,-102.48,-108.87,-110.88
1993-06-01,3.58,6.78,2.9,-5.47,-0.53,-11.78,-9.5,1.91,-17.36,-9.75,-24.47,-23.2,-21.12,-26.35,-24.42,-35.22,-30.42,-37.3,-37.88,-40.72,-48.0,-52.14,-42.35,-62.38,-63.11,-55.28,-49.84,-23.78,-9.82,-61.23,-56.01,-124.86,-99.3,-103.3,-109.64,-111.44
1993-07-01,4.06,7.21,3.19,-5.32,-0.4,-11.62,-9.41,1.48,-17.37,-10.01,-24.56,-23.38,-21.25,-26.49,-24.49,-35.36,-30.61,-37.56,-38.05,-40.63,-48.03,-52.27,-42.61,-62.39,-63.02,-55.07,-49.67,-23.47,-9.84,-62.02,-56.22,-126.16,-100.49,-104.33,-110.64,-112.19
1993-08-01,4.53,7.63,3.47,-5.16,-0.31,-11.45,-9.33,1.09,-17.37,-10.25,-24.65,-23.58,-21.4,-26.63,-24.57,-35.51,-30.82,-37.83,-38.23,-40.55,-48.06,-52.41,-42.89,-62.41,-62.92,-54.83,-49.49,-23.2,-9.88,-62.76,-56.46,-127.55,-101.56,-105.29,-111.56,-112.87
1993-09-01,4.84,7.89,3.61,-5.12,-0.34,-11.35,-9.34,0.83,-17.37,-10.43,-24.77,-23.76,-21.56,-26.8,-24.69,-35.71,-31.07,-38.13,-38.45,-40.53,-48.14,-52.59,-43.2,-62.46,-62.84,-54.63,-49.36,-23.07,-9.9,-63.11,-56.54,-128.39,-102.08,-105.75,-112.01,-113.16
1993-10-01,4.88,7.89,3.57,-5.17,-0.44,-11.33,-9.38,0.87,-17.31,-10.45,-24.85,-23.85,-21.67,-26.92,-24.76,-35.86,-31.26,-38.33,-38.57,-40.51,-48.17,-52.67,-43.41,-62.48,-62.77,-54.51,-49.28,-23.08,-9.87,-63.03,-56.44,-128.15,-101.68,-105.46,-111.79,-112.88
1993-11-01,4.8,7.8,3.48,-5.24,-0.54,-11.35,-9.42,0.95,-17.35,-10.46,-24.96,-23.91,-21.73,-26.96,-24.79,-35.99,-31.41,-38.41,-38.6,-40.78,-48.21,-52.7,-43.5,-62.57,-62.96,-54.7,-49.34,-23.2,-9.96,-62.85,-56.74,-127.92,-101.39,-105.32,-111.6,-112.63
1993-12-01,4.74,7.73,3.44,-5.25,-0.57,-11.34,-9.41,1.09,-17.3,-10.41,-24.99,-23.9,-21.74,-26.94,-24.75,-36.02,-31.47,-38.42,-38.55,-40.71,-48.16,-52.64,-43.52,-62.55,-62.88,-54.66,-49.3,-23.24,-9.92,-62.46,-56.55,-127.56,-100.73,-104.85,-111.17,-112.21
1994-01-01,4.69,7.69,3.42,-5.22,-0.56,-11.28,-9.35,1.25,-17.23,-10.33,-24.97,-23.87,-21.7,-26.86,-24.68,-35.98,-31.47,-38.36,-38.44,-40.63,-48.07,-52.51,-43.46,-62.49,-62.79,-54.62,-49.26,-23.28,-9.87,-62.13,-56.35,-127.19,-100.04,-104.33,-110.71,-111.76
1994-02-01,4.64,7.64,3.4,-5.2,-0.57,-11.22,-9.3,1.42,-17.14,-10.25,-24.8,-23.79,-21.65,-26.77,-24.58,-35.78,-31.27,-38.15,-38.26,-40.51,-47.97,-52.35,-43.24,-62.41,-62.7,-54.6,-49.23,-23.29,-9.81,-61.61,-56.01,-126.64,-99.35,-103.8,-110.23,-111.31
1994-03-01,4.6,7.6,3.35,-5.25,-0.68,-11.24,-9.38,1.49,-17.11,-10.2,-24.81,-23.8,-21.66,-26.82,-24.62,-35.83,-31.31,-38.23,-38.32,-40.5,-47.99,-52.39,-43.33,-62.38,-62.69,-54.6,-49.25,-23.3,-9.79,-61.53,-55.83,-126.84,-99.01,-103.39,-109.82,-110.99
1994-04-01,4.62,7.6,3.33,-5.31,-0.8,-11.27,-9.49,1.46,-17.12,-10.26,-24.86,-23.87,-21.74,-26.94,-24.73,-36.0,-31.46,-38.43,-38.5,-40.53,-48.08,-52.54,-43.56,-62.39,-62.71,-54.61,-49.28,-23.29,-9.85,-61.39,-55.6,-126.64,-98.9,-103.31,-109.78,-110.82
1994-05-01,4.72,7.7,3.38,-5.33,-0.88,-11.28,-9.57,1.29,-17.19,-10.38,-24.98,-23.99,-21.85,-27.09,-24.86,-36.2,-31.65,-38.69,-38.73,-40.57,-48.2,-52.74,-43.84,-62.41,-62.74,-54.6,-49.31,-23.2,-9.82,-62.09,-55.73,-127.35,-99.27,-103.61,-110.07,-111.1
1994-06-01,4.97,7.92,3.53,-5.27,-0.92,-11.23,-9.61,0.94,-17.29,-10.6,-25.12,-24.18,-22.0,-27.28,-25.01,-36.44,-31.88,-39.0,-39.0,-40.61,-48.34,-52.98,-44.18,-62.46,-62.76,-54.55,-49.32,-23.04,-9.98,-62.92,-55.95,-128.4,-100.16,-104.39,-110.85,-111.73
1994-07-01,5.32,8.25,3.77,-5.13,-0.87,-11.1,-9.58,0.51,-17.39,-10.86,-25.27,-24.4,-22.16,-27.45,-25.13,-36.66,-32.1,-39.27,-39.23,-40.63,-48.46,-53.18,-44.48,-62.5,-62.76,-54.44,-49.27,-22.82,-10.12,-63.78,-56.31,-129.52,-101.42,-105.52,-111.94,-112.65
1994-08-01,5.68,8.57,4.01,-4.99,-0.82,-10.95,-9.53,0.1,-17.48,-11.12,-25.42,-24.61,-22.32,-27.61,-25.25,-36.86,-32.3,-39.51,-39.42,-40.65,-48.57,-53.35,-44.74,-62.56,-62.73,-54.3,-49.2,-22.63,-10.24,-64.59,-56.65,-130.14,-102.58,-106.58,-112.97,-113.53
1994-09-01,5.84,8.71,4.08,-4.97,-0.87,-10.9,-9.56,-0.08,-17.53,-11.27,-25.57,-24.79,-22.5,-27.81,-25.39,-37.08,-32.54,-39.77,-39.63,-40.72,-48.72,-53.56,-45.02,-62.64,-62.73,-54.21,-49.16,-22.59,-10.24,-64.85,-56.73,-130.46,-102.88,-106.83,-113.22,-113.75
1994-10-01,5.76,8.62,3.97,-5.06,-0.97,-10.93,-9.63,-0.02,-17.54,-11.29,-25.69,-24.88,-22.62,-27.94,-25.49,-37.25,-32.72,-39.92,-39.74,-40.79,-48.82,-53.66,-45.18,-62.71,-62.73,-54.19,-49.16,-22.69,-10.27,-64.64,-56.64,-129.9,-102.41,-106.51,-112.91,-113.5
1994-11-01,5.62,8.48,3.88,-5.1,-1.02,-10.96,-9.64,0.12,-17.57,-11.26,-25.75,-24.91,-22.66,-27.95,-25.49,-37.31,-32.78,-39.91,-39.7,-40.89,-48.84,-53.63,-45.18,-62.73,-62.78,-54.24,-49.17,-22.81,-10.28,-64.51,-56.79,-129.19,-102.09,-106.26,-112.76,-113.4
1994-12-01,5.49,8.36,3.81,-5.12,-1.03,-10.95,-9.62,0.28,-17.54,-11.21,-25.68,-24.88,-22.66,-27.92,-25.45,-37.17,-32.66,-39.75,-39.55,-40.9,-48.81,-53.5,-44.99,-62.73,-62.75,-54.26,-49.16,-22.9,-10.26,-63.89,-56.65,-128.28,-101.48,-105.81,-112.34,-113.05
1995-01-01,5.39,8.27,3.77,-5.09,-0.99,-10.89,-9.55,0.46,-17.43,-11.12,-25.3,-24.75,-22.6,-27.75,-25.29,-36.66,-32.12,-39.2,-39.11,-40.84,-48.7,-53.19,-44.39,-62.67,-62.63,-54.21,-49.1,-22.86,-10.11,-62.75,-56.37,-126.67,-100.85,-105.33,-111.9,-112.67
1995-02-01,5.3,8.19,3.74,-5.07,-0.96,-10.83,-9.48,0.64,-17.26,-11.02,-25.02,-24.6,-22.48,-27.56,-25.11,-36.28,-31.75,-38.78,-38.73,-40.67,-48.52,-52.89,-43.93,-62.58,-62.54,-53.96,-48.99,-22.06,-9.11,-61.8,-55.92,-124.98,-100.21,-104.83,-111.43,-112.27
1995-03-01,5.21,8.09,3.65,-5.14,-1.06,-10.87,-9.56,0.82,-17.12,-10.94,-24.68,-24.48,-22.44,-27.49,-25.04,-35.77,-31.26,-38.31,-38.42,-40.62,-48.42,-52.62,-43.3,-62.54,-62.46,-53.61,-48.88,-21.06,-7.84,-60.36,-55.43,-122.75,-99.59,-104.32,-110.95,-111.85
1995-04-01,5.15,8.01,3.57,-5.23,-1.17,-10.93,-9.67,0.93,-17.01,-10.88,-24.55,-24.4,-22.4,-27.46,-25.03,-35.53,-31.06,-38.1,-38.28,-40.56,-48.33,-52.47,-42.98,-62.52,-62.39,-53.22,-48.72,-19.98,-6.54,-59.62,-55.03,-121.29,-99.23,-103.88,-110.49,-111.43
1995-05-01,5.22,8.07,3.59,-5.26,-1.23,-10.94,-9.73,0.81,-16.97,-10.95,-24.53,-24.4,-22.41,-27.48,-25.05,-35.49,-31.05,-38.1,-38.28,-40.48,-48.29,-52.44,-42.93,-62.48,-62.28,-52.97,-48.53,-19.57,-6.15,-59.73,-54.85,-121.08,-99.51,-104.04,-110.64,-111.55
1995-06-01,5.42,8.25,3.71,-5.22,-1.24,-10.91,-9.76,0.59,-16.97,-11.08,-24.59,-24.48,-22.46,-27.56,-25.11,-35.61,-31.18,-38.27,-38.4,-40.43,-48.31,-52.53,-43.11,-62.46,-62.19,-52.77,-48.36,-19.25,-6.03,-60.23,-54.85,-121.63,-100.19,-104.63,-111.2,-111.93
1995-07-01,5.76,8.57,3.94,-5.09,-1.15,-10.78,-9.7,0.21,-17.01,-11.3,-24.67,-24.6,-22.53,-27.64,-25.16,-35.75,-31.34,-38.47,-38.53,-40.35,-48.32,-52.62,-43.32,-62.44,-62.07,-52.56,-48.18,-18.92,-6.03,-61.13,-55.08,-122.88,-101.31,-105.63,-112.17,-112.61
1995-08-01,6.13,8.9,4.19,-4.93,-1.04,-10.63,-9.61,-0.16,-17.05,-11.5,-24.78,-24.74,-22.62,-27.72,-25.21,-35.91,-31.52,-38.68,-38.67,-40.28,-48.33,-52.72,-43.56,-62.42,-61.95,-52.36,-48.01,-18.65,-6.07,-61.93,-55.35,-124.38,-102.37,-106.58,-113.1,-113.26
1995-09-01,6.35,9.1,4.3,-4.87,-1.02,-10.54,-9.59,-0.37,-17.07,-11.64,-24.9,-24.87,-22.73,-27.85,-25.29,-36.12,-31.75,-38.94,-38.86,-40.27,-48.39,-52.86,-43.85,-62.44,-61.88,-52.22,-47.91,-18.54,-6.09,-62.31,-55.46,-125.36,-102.82,-106.99,-113.5,-113.48
1995-10-01,6.33,9.08,4.26,-4.89,-1.04,-10.52,-9.58,-0.31,-17.04,-11.63,-24.98,-24.9,-22.79,-27.91,-25.33,-36.27,-31.92,-39.1,-38.94,-40.25,-48.41,-52.91,-44.04,-62.44,-61.81,-52.15,-47.85,-18.57,-6.05,-62.25,-55.39,-125.18,-102.56,-106.82,-113.39,-113.26
1995-11-01,6.16,8.88,4.1,-5.0,-1.15,-10.62,-9.64,-0.3,-17.24,-11.71,-25.17,-24.95,-22.89,-27.99,-25.47,-36.43,-32.09,-39.19,-39.02,-40.68,-48.49,-52.98,-44.13,-62.59,-62.01,-52.42,-48.0,-18.77,-6.24,-62.15,-55.83,-125.16,-101.93,-106.39,-113.0,-112.85
1995-12-01,6.05,8.78,4.04,-5.0,-1.12,-10.61,-9.59,-0.14,-17.2,-11.62,-25.2,-24.92,-22.85,-27.93,-25.41,-36.46,-32.13,-39.16,-38.95,-40.57,-48.43,-52.88,-44.12,-62.54,-61.94,-52.42,-47.98,-18.85,-6.21,-61.78,-55.63,-124.87,-101.2,-105.86,-112.52,-112.38
1996-01-01,5.96,8.71,4.02,-4.95,-1.05,-10.54,-9.49,0.06,-17.13,-11.51,-25.15,-24.84,-22.78,-27.81,-25.3,-36.38,-32.07,-39.03,-38.79,-40.46,-48.32,-52.72,-44.0,-62.45,-61.85,-52.43,-47.95,-18.92,-6.17,-61.4,-55.42,-124.52,-100.45,-105.3,-112.02,-111.9
1996-02-01,5.87,8.64,4.0,-4.91,-0.98,-10.47,-9.4,0.26,-17.04,-11.39,-24.91,-24.71,-22.68,-27.67,-25.15,-36.09,-31.76,-38.72,-38.52,-40.32,-48.19,-52.49,-43.67,-62.34,-61.75,-52.42,-47.93,-18.94,-6.07,-60.69,-55.05,-123.8,-99.7,-104.72,-111.51,-111.41
1996-03-01,5.77,8.56,3.92,-4.96,-1.04,-10.5,-9.46,0.46,-16.93,-11.29,-24.67,-24.61,-22.63,-27.62,-25.11,-35.71,-31.4,-38.38,-38.31,-40.27,-48.11,-52.29,-43.21,-62.29,-61.72,-52.44,-47.93,-18.97,-5.99,-59.83,-54.68,-122.62,-98.97,-104.14,-110.98,-110.91
1996-04-01,5.75,8.54,3.88,-5.01,-1.11,-10.54,-9.53,0.55,-16.91,-11.21,-24.59,-24.55,-22.59,-27.6,-25.1,-35.52,-31.23,-38.21,-38.21,-40.22,-48.04,-52.17,-42.93,-62.26,-61.71,-52.47,-47.91,-18.96,-5.5,-59.35,-54.4,-122.43,-98.87,-103.96,-110.83,-110.76
1996-05-01,5.83,8.62,3.93,-5.01,-1.13,-10.54,-9.57,0.38,-16.91,-11.31,-24.59,-24.57,-22.61,-27.62,-25.11,-35.5,-31.23,-38.2,-38.22,-40.17,-48.02,-52.16,-42.89,-62.22,-61.71,-52.46,-47.87,-18.88,-5.4,-59.66,-54.31,-122.6,-98.99,-103.99,-110.87,-110.77
1996-06-01,6.08,8.85,4.09,-4.93,-1.09,-10.48,-9.57,0.08,-16.98,-11.47,-24.68,-24.67,-22.66,-27.69,-25.17,-35.62,-31.36,-38.36,-38.35,-40.13,-48.04,-52.25,-43.05,-62.2,-61.7,-52.42,-47.82,-18.73,-5.48,-60.51,-54.45,-123.54,-99.83,-104.75,-111.63,-111.37
1996-07-01,6.45,9.22,4.37,-4.75,-0.96,-10.33,-9.48,-0.32,-17.06,-11.69,-24.79,-24.8,-22.73,-27.76,-25.21,-35.76,-31.51,-38.54,-38.48,-40.06,-48.06,-52.34,-43.24,-62.19,-61.65,-52.32,-47.73,-18.52,-5.61,-61.45,-54.77,-124.95,-101.06,-105.86,-112.71,-112.26
1996-08-01,6.84,9.58,4.64,-4.57,-0.83,-10.17,-9.37,-0.68,-17.13,-11.88,-24.9,-24.94,-22.82,-27.84,-25.26,-35.92,-31.69,-38.74,-38.61,-40.0,-48.08,-52.45,-43.48,-62.18,-61.58,-52.19,-47.62,-18.35,-5.73,-62.28,-55.08,-126.18,-102.16,-106.86,-113.7,-113.08
1996-09-01,7.06,9.78,4.77,-4.49,-0.79,-10.1,-9.35,-0.86,-17.17,-12.0,-25.04,-25.07,-22.92,-27.96,-25.34,-36.13,-31.92,-38.99,-38.8,-40.01,-48.15,-52.61,-43.76,-62.21,-61.55,-52.1,-47.56,-18.31,-5.8,-62.65,-55.21,-126.83,-102.6,-107.27,-114.1,-113.42
1996-10-01,7.01,9.73,4.7,-4.54,-0.82,-10.11,-9.36,-0.77,-17.16,-11.98,-25.14,-25.1,-22.98,-28.03,-25.39,-36.29,-32.09,-39.14,-38.89,-40.01,-48.19,-52.68,-43.94,-62.23,-61.52,-52.08,-47.54,-18.43,-5.83,-62.6,-55.15,-126.37,-102.14,-106.92,-113.84,-113.16
1996-11-01,6.9,9.63,4.63,-4.55,-0.81,-10.11,-9.33,-0.58,-17.13,-11.89,-25.16,-25.07,-22.96,-27.99,-25.34,-36.32,-32.14,-39.14,-38.83,-40.03,-48.14,-52.62,-43.96,-62.21,-61.47,-52.09,-47.52,-18.56,-5.84,-62.15,-55.14,-125.76,-101.48,-106.45,-113.4,-112.77
1996-12-01,6.8,9.54,4.59,-4.53,-0.76,-10.07,-9.26,-0.36,-17.05,-11.77,-24.96,-24.98,-22.9,-27.88,-25.24,-36.05,-31.86,-38.85,-38.6,-39.99,-48.05,-52.42,-43.65,-62.15,-61.39,-52.09,-47.49,-18.63,-5.78,-61.17,-54.93,-124.46,-100.78,-105.92,-112.92,-112.35
1997-01-01,6.72,9.49,4.58,-4.47,-0.67,-9.98,-9.13,-0.13,-16.88,-11.63,-24.49,-24.78,-22.76,-27.65,-25.02,-35.45,-31.23,-38.23,-38.09,-39.86,-47.87,-52.04,-42.98,-62.04,-61.25,-51.79,-47.39,-17.79,-4.69,-59.81,-54.54,-122.46,-100.06,-105.35,-112.4,-111.89
1997-02-01,6.67,9.45,4.59,-4.4,-0.59,-9.88,-9.02,0.12,-16.65,-11.47,-24.02,-24.53,-22.58,-27.36,-24.75,-34.87,-30.63,-37.63,-37.55,-39.61,-47.62,-51.65,-42.32,-61.89,-61.06,-51.39,-47.17,-16.74,-3.37,-58.33,-53.92,-120.05,-99.32,-104.76,-111.86,-111.41
1997-03-01,6.62,9.41,4.56,-4.42,-0.61,-9.87,-9.03,0.28,-16.47,-11.34,-23.84,-24.39,-22.47,-27.24,-24.63,-34.7,-30.46,-37.46,-37.38,-39.48,-47.52,-51.53,-42.18,-61.8,-60.94,-51.22,-46.98,-16.49,-2.98,-57.59,-53.44,-118.47,-98.78,-104.22,-111.33,-110.94
1997-04-01,6.69,9.48,4.6,-4.4,-0.62,-9.84,-9.05,0.25,-16.41,-11.34,-23.81,-24.35,-22.44,-27.22,-24.61,-34.77,-30.51,-37.55,-37.4,-39.39,-47.49,-51.56,-42.3,-61.72,-60.86,-51.13,-46.84,-16.31,-2.88,-57.43,-53.1,-118.3,-98.72,-104.21,-111.36,-110.95
1997-05-01,6.88,9.65,4.73,-4.33,-0.58,-9.78,-9.03,0.06,-16.41,-11.43,-23.87,-24.39,-22.44,-27.26,-24.64,-34.94,-30.66,-37.74,-37.53,-39.33,-47.5,-51.66,-42.54,-61.66,-60.81,-51.04,-46.72,-16.12,-2.88,-58.19,-53.14,-118.93,-99.2,-104.64,-111.82,-111.27
1997-06-01,7.15,9.91,4.91,-4.23,-0.53,-9.71,-9.01,-0.18,-16.44,-11.55,-23.99,-24.49,-22.5,-27.37,-24.72,-35.17,-30.88,-38.04,-37.76,-39.3,-47.57,-51.84,-42.89,-61.65,-60.77,-50.95,-46.63,-15.94,-2.92,-58.93,-53.27,-120.15,-99.8,-105.2,-112.41,-111.67
1997-07-01,7.49,10.23,5.15,-4.07,-0.42,-9.57,-8.93,-0.51,-16.5,-11.74,-24.12,-24.62,-22.58,-27.47,-24.8,-35.4,-31.11,-38.32,-37.98,-39.26,-47.63,-52.01,-43.22,-61.64,-60.72,-50.84,-46.54,-15.75,-3.04,-59.86,-53.56,-121.55,-100.79,-106.11,-113.32,-112.36
1997-08-01,7.81,10.54,5.38,-3.92,-0.31,-9.44,-8.84,-0.81,-16.56,-11.9,-24.27,-24.77,-22.68,-27.59,-24.88,-35.63,-31.35,-38.6,-38.2,-39.24,-47.7,-52.18,-43.55,-61.65,-60.68,-50.73,-46.46,-15.61,-3.17,-60.62,-53.84,-123.06,-101.64,-106.91,-114.13,-112.98
1997-09-01,7.97,10.69,5.48,-3.87,-0.29,-9.39,-8.83,-0.95,-16.62,-12.01,-24.43,-24.9,-22.8,-27.75,-25.01,-35.89,-31.62,-38.91,-38.45,-39.28,-47.81,-52.38,-43.89,-61.7,-60.67,-50.67,-46.44,-15.61,-3.21,-60.99,-53.96,-123.98,-101.91,-107.17,-114.42,-113.21
1997-10-01,7.9,10.62,5.41,-3.91,-0.31,-9.4,-8.84,-0.83,-16.61,-11.97,-24.54,-24.94,-22.86,-27.84,-25.08,-36.07,-31.81,-39.09,-38.58,-39.31,-47.87,-52.47,-44.09,-61.72,-60.66,-50.68,-46.45,-15.72,-3.24,-60.74,-53.88,-123.82,-101.33,-106.75,-114.15,-112.93
1997-11-01,7.78,10.53,5.36,-3.9,-0.28,-9.39,-8.79,-0.61,-16.57,-11.86,-24.59,-24.91,-22.84,-27.82,-25.05,-36.13,-31.88,-39.1,-38.55,-39.35,-47.84,-52.42,-44.12,-61.7,-60.63,-50.71,-46.46,-15.86,-3.26,-60.37,-53.86,-123.54,-100.57,-106.18,-113.65,-112.48
1997-12-01,7.68,10.44,5.33,-3.87,-0.22,-9.34,-8.7,-0.36,-16.5,-11.73,-24.56,-24.84,-22.79,-27.75,-24.99,-36.09,-31.85,-39.01,-38.46,-39.34,-47.77,-52.32,-44.03,-61.65,-60.59,-50.75,-46.48,-15.99,-3.26,-59.98,-53.7,-123.2,-99.76,-105.57,-113.1,-111.99
1998-01-01,7.59,10.37,5.32,-3.79,-0.11,-9.24,-8.57,-0.1,-16.4,-11.58,-24.32,-24.69,-22.69,-27.59,-24.85,-35.77,-31.52,-38.66,-38.17,-39.26,-47.64,-52.07,-43.65,-61.55,-60.51,-50.77,-46.47,-16.06,-3.2,-59.31,-53.45,-122.48,-98.93,-104.93,-112.52,-111.48
1998-02-01,7.52,10.33,5.33,-3.71,-0.01,-9.12,-8.43,0.17,-16.21,-11.41,-23.82,-24.48,-22.54,-27.36,-24.64,-35.15,-30.85,-38.03,-37.68,-39.09,-47.47,-51.71,-42.96,-61.43,-60.38,-50.51,-46.4,-15.23,-2.14,-58.13,-52.99,-121.08,-98.09,-104.27,-111.92,-110.95
1998-03-01,7.47,10.28,5.3,-3.71,-0.02,-9.09,-8.43,0.43,-16.0,-11.26,-23.44,-24.29,-22.43,-27.23,-24.52,-34.74,-30.41,-37.65,-37.39,-38.97,-47.37,-51.52,-42.55,-61.35,-60.32,-50.21,-46.29,-14.28,-0.91,-57.03,-52.48,-119.5,-97.25,-103.59,-111.31,-110.41
1998-04-01,7.45,10.26,5.28,-3.74,-0.04,-9.07,-8.46,0.63,-15.79,-11.13,-23.21,-24.14,-22.34,-27.16,-24.46,-34.54,-30.18,-37.48,-37.26,-38.86,-47.32,-51.45,-42.37,-61.3,-60.23,-50.08,-46.16,-14.03,-0.53,-56.36,-52.07,-118.31,-96.61,-102.97,-110.7,-109.87
1998-05-01,7.51,10.31,5.32,-3.73,-0.04,-9.04,-8.46,0.83,-15.63,-11.0,-23.11,-24.05,-22.28,-27.15,-24.46,-34.55,-30.16,-37.53,-37.3,-38.76,-47.32,-51.5,-42.45,-61.25,-60.17,-49.99,-46.05,-13.89,-0.4,-56.0,-51.7,-117.47,-95.98,-102.51,-110.26,-109.57
1998-06-01,7.77,10.57,5.51,-3.6,0.06,-8.91,-8.38,0.63,-15.5,-11.1,-23.12,-24.09,-22.29,-27.2,-24.49,-34.67,-30.27,-37.72,-37.44,-38.66,-47.33,-51.62,-42.67,-61.2,-60.08,-49.85,-45.92,-13.66,-0.32,-56.57,-51.69,-117.74,-96.38,-102.81,-110.62,-109.78
1998-07-01,8.21,11.01,5.86,-3.35,0.29,-8.66,-8.18,0.36,-15.41,-11.24,-23.15,-24.16,-22.3,-27.23,-24.5,-34.79,-30.41,-37.91,-37.58,-38.52,-47.32,-51.72,-42.9,-61.14,-59.95,-49.63,-45.75,-13.4,-0.38,-57.65,-51.9,-118.71,-97.28,-103.62,-111.44,-110.37
1998-08-01,8.69,11.5,6.24,-3.05,0.54,-8.37,-7.93,0.1,-15.3,-11.36,-23.2,-24.24,-22.33,-27.28,-24.51,-34.92,-30.56,-38.11,-37.72,-38.39,-47.3,-51.81,-43.13,-61.08,-59.79,-49.39,-45.57,-13.19,-0.45,-58.57,-52.15,-119.99,-98.14,-104.41,-112.23,-110.91
1998-09-01,9.01,11.83,6.47,-2.86,0.71,-8.14,-7.75,0.03,-15.17,-11.4,-23.26,-24.31,-22.38,-27.36,-24.55,-35.09,-30.76,-38.35,-37.89,-38.32,-47.32,-51.93,-43.4,-61.05,-59.68,-49.21,-45.44,-13.12,-0.43,-58.71,-52.2,-120.7,-98.3,-104.52,-112.39,-110.92
1998-10-01,9.08,11.9,6.52,-2.79,0.8,-7.99,-7.62,0.21,-15.02,-11.3,-23.29,-24.29,-22.37,-27.38,-24.55,-35.2,-30.89,-38.47,-37.97,-38.25,-47.29,-51.95,-43.54,-60.99,-59.58,-49.13,-45.37,-13.2,-0.42,-58.34,-52.0,-120.41,-97.64,-103.99,-111.93,-110.36
1998-11-01,9.02,11.86,6.52,-2.72,0.89,-7.87,-7.48,0.47,-14.93,-11.14,-23.3,-24.21,-22.29,-27.29,-24.47,-35.22,-30.93,-38.44,-37.89,-38.28,-47.22,-51.86,-43.53,-60.96,-59.63,-49.2,-45.36,-13.37,-0.51,-58.1,-52.1,-120.07,-97.04,-103.59,-111.58,-110.02
1998-12-01,8.98,11.84,6.54,-2.62,1.01,-7.73,-7.32,0.76,-14.79,-10.96,-23.26,-24.1,-22.19,-27.18,-24.37,-35.18,-30.91,-38.36,-37.79,-38.19,-47.1,-51.73,-43.45,-60.86,-59.54,-49.21,-45.33,-13.47,-0.49,-57.85,-51.93,-119.77,-96.16,-102.9,-110.95,-109.42
1999-01-01,8.94,11.83,6.59,-2.48,1.17,-7.55,-7.12,1.06,-14.7,-10.76,-23.21,-23.96,-22.04,-27.01,-24.22,-35.08,-30.84,-38.21,-37.63,-38.07,-46.93,-51.53,-43.3,-60.72,-59.46,-49.24,-45.32,-13.56,-0.47,-57.71,-51.72,-119.43,-95.27,-102.18,-110.31,-108.82
1999-02-01,8.91,11.82,6.63,-2.35,1.32,-7.38,-6.93,1.37,-14.55,-10.55,-22.99,-23.78,-21.88,-26.83,-24.06,-34.8,-30.55,-37.91,-37.38,-37.91,-46.75,-51.29,-42.97,-60.57,-59.37,-49.28,-45.31,-13.64,-0.42,-57.05,-51.36,-118.76,-94.37,-101.45,-109.65,-108.2
1999-03-01,8.86,11.78,6.62,-2.33,1.34,-7.31,-6.89,1.63,-14.43,-10.38,-22.88,-23.66,-21.78,-26.77,-24.02,-34.71,-30.43,-37.82,-37.34,-37.86,-46.7,-51.24,-42.88,-60.48,-59.36,-49.35,-45.35,-13.73,-0.4,-56.58,-51.09,-118.73,-93.72,-100.78,-109.0,-107.6
1999-04-01,8.87,11.8,6.64,-2.31,1.35,-7.27,-6.88,1.84,-14.41,-10.24,-22.87,-23.6,-21.73,-26.78,-24.05,-34.75,-30.45,-37.88,-37.42,-37.84,-46.71,-51.29,-42.95,-60.42,-59.38,-49.42,-45.41,-13.78,-0.39,-56.34,-50.79,-118.46,-93.23,-100.44,-108.74,-107.36
1999-05-01,9.0,11.93,6.75,-2.23,1.41,-7.19,-6.84,1.67,-14.42,-10.32,-22.91,-23.64,-21.74,-26.82,-24.09,-34.85,-30.52,-38.0,-37.55,-37.8,-46.74,-51.39,-43.1,-60.38,-59.4,-49.46,-45.45,-13.74,-0.54,-57.08,-50.89,-119.33,-93.63,-100.66,-108.95,-107.53
1999-06-01,9.23,12.15,6.93,-2.11,1.49,-7.1,-6.79,1.46,-14.49,-10.41,-23.0,-23.72,-21.78,-26.91,-24.18,-35.01,-30.67,-38.21,-37.76,-37.79,-46.81,-51.55,-43.33,-60.37,-59.44,-49.48,-45.49,-13.67,-0.69,-57.83,-51.07,-120.49,-94.28,-101.18,-109.48,-107.97
1999-07-01,9.55,12.45,7.18,-1.92,1.64,-6.98,-6.69,1.17,-14.58,-10.56,-23.1,-23.82,-21.83,-26.98,-24.24,-35.16,-30.81,-38.4,-37.93,-37.76,-46.86,-51.69,-43.54,-60.38,-59.46,-49.47,-45.49,-13.57,-0.88,-58.85,-51.41,-121.91,-95.28,-102.03,-110.32,-108.68
1999-08-01,9.84,12.74,7.42,-1.75,1.78,-6.86,-6.6,0.91,-14.67,-10.69,-23.22,-23.93,-21.9,-27.06,-24.3,-35.3,-30.96,-38.58,-38.08,-37.75,-46.91,-51.82,-43.74,-60.41,-59.47,-49.45,-45.48,-13.5,-1.05,-59.63,-51.74,-123.0,-96.15,-102.78,-111.05,-109.31
1999-09-01,10.0,12.88,7.53,-1.67,1.84,-6.81,-6.57,0.78,-14.76,-10.77,-23.35,-24.04,-21.98,-27.17,-24.38,-35.48,-31.14,-38.77,-38.25,-37.79,-47.0,-51.97,-43.95,-60.46,-59.5,-49.47,-45.5,-13.54,-1.18,-59.81,-51.89,-123.69,-96.53,-103.07,-111.35,-109.58
